NMDA,mGluR5,GABA
0.22207116711708486,-1.6765898416455645,0.45486475155522366
-0.49818077986097486,-1.582004206091419,0.778041342210312
0.9015761833048663,-0.612120711352493,2.141348929628185
-1.2509758623022051,-2.0198323239917526,-0.6817901486956572
0.924391341852939,-0.34164979819437735,0.8538860183106801
0.49691801486818654,-0.2971678357814269,1.0163214165438914
0.5397959225337353,-0.5879730436940586,0.6804890252143845
0.17117572426967342,-0.8854161103122355,0.5710209345279401
0.8706624608552722,-0.7780103908071174,0.7674941920008232
0.9382630048292186,-0.6812324467470655,1.114335939347818
0.03336236954552787,-0.11326917929572461,0.434977641972404
0.6031268201690271,-1.3407829569384113,0.7912589958725884
-1.9350769560235448,-1.4703646131296715,-1.0689760578495944
0.898880508108299,-1.4297091270323312,1.081129595103016
-1.488306164598616,-1.8417603289933706,-0.48589124503615594
-1.0483775156385546,-1.3921398535969236,-0.3780967160271595
-1.6796839342065268,-1.9054017431006836,-0.1954299397147684
-1.2783932349962486,-0.6687158873629533,-0.31942148361292977
-0.819469537344936,-1.1844879597860931,0.2351576132783064
-0.5036920963338614,-0.6727781617440258,0.012801825142194053
0.6610904417042447,0.1481555372318403,0.3162926798894011
-1.4843192724844825,-0.028370401324853394,-0.017925435435355665
-1.075204794279723,-1.422941189971697,-0.22977601731536937
-1.9506086771067315,-0.36449452180129893,-0.05445586074173458
-0.4742128414583603,-1.041504155973271,-0.0076736399749332655
0.19157861121556655,-0.5312984495530652,0.16486843533499254
-0.6420388723353243,-1.2994506622503457,-0.03928572495880904
-1.4382224229379459,-1.2752670619455062,-0.3996004623799118
-0.6206296477898089,-0.5033554378147739,0.11787517086003244
-1.8205178310197399,-0.20060566071802913,0.12476244971558653
-1.770910101367972,-1.4301810458685222,-0.7336026232822271
0.21185350460306676,-0.851276176802465,-0.25275526809161736
1.3466757729923107,-0.6846087495694438,-0.2034725263814421
0.7880895872381215,-0.11576642249246326,0.09764722444083271
0.9901390992903877,-0.3619010079642737,1.183860137371648
1.3954268331638175,0.058862906580323775,3.321114031407886
1.2283150874386173,0.3224308988943377,2.978699888689336
1.1083390835287774,-0.293745701200215,2.967668450370978
-0.06877766864488014,-0.5970818010950226,1.82760548847843
1.0712250168885056,-0.19728242858914544,2.3109286591974096
1.1704832319895178,0.014202585934130683,2.839253466004396
0.543779557143353,-0.46297843955195195,1.5390223212028638
1.6607744036842094,0.9092353219287239,2.9173384982557944
1.320244978927126,0.5390304197100266,3.0525317372423384
1.0559043713872123,-0.13617660220971067,1.2271298903554824
0.8425480880284263,-0.008666437848569613,1.2163226642542002
1.3051483046789019,-0.9983091788549106,1.1468212143887446
0.6701873658029948,-0.5585766368358568,1.7605725326340653
0.11075054113018802,-1.5968054647717136,-0.1588439920945069
0.7274289200485115,-1.177619329666759,1.2446026976437934
0.6408100131336355,-1.1315871327933287,1.2926910801529663
0.782527224463522,-0.9801490215778083,1.4752584598105634
-0.6137953288632249,-2.1131771241942565,-1.7853283078936046
0.5553161387728973,-0.017025493494867303,1.6126153388632758
0.23818914612127398,-1.2567479163000645,0.3522983878436545
1.1942243739783098,0.006699704159734916,1.478966722213577
-0.008460256851983762,-0.4129054048096416,0.4233356090706657
0.8715721447095701,1.2552168657469849,2.5538892479216826
0.9081632610278435,0.3586659605178641,1.4732300834191998
1.0333979918322536,0.3983786506913049,1.0430324232526016
0.9458247855151812,0.6162681654201622,1.4096847446755318
-1.3107184365745603,-0.8818860205854947,-0.74241546393948
1.219365361421107,0.09131585716816655,0.4857013507603861
-1.595382271162639,-0.8456863426345832,-0.5215183898118511
0.8637723536150008,0.06497802138151677,0.1268984234356027
-2.2314555568854453,-1.1097860723920603,-0.9590445009696946
-0.16908108023012136,0.5209834629765164,-0.1361197723644404
-2.8780032356314584,-1.9558378591200738,-1.879339124470681
0.4801373215722843,0.6604069876412615,-0.17917589643655907
-1.444474671908858,-0.8558240144491602,-0.817292771389623
0.337647175885256,-0.4067409363821814,-0.3636843971833303
-0.612891990304566,-1.0190490899196187,-0.560830792393417
0.5614582841928747,0.6180338057113086,-0.02338728451714284
0.8033568097148422,-1.2676808157522461,-1.264325431151831
0.3561575819044088,0.3833545238933664,-0.3685962888501422
0.5050785276113686,0.11956570203202907,0.010516321892749396
-0.11739193478181302,-0.9085730189311237,-0.7599072126434488
-1.756096944962494,-1.6478390147022939,-1.5744544918096133
0.3000204948129992,-0.7782595236942226,-0.7324380985524008
0.35212181841782003,-0.655753746862198,-0.6660057171482741
-1.2215677116125294,-0.8165391403039887,-0.7900434747010894
0.08620515575702306,-0.03139847981587418,-0.5396633526987193
-0.7781766660425683,-1.6763388330595659,-1.7697260207343013
0.7346730764211957,-0.21241275311717367,-0.30387826631377457
-0.1674072828068148,-1.2439824420262557,-0.8573592416173177
0.6035154319249035,-1.1707269506393378,-0.91766491686462
0.05172228079636615,-0.7143056017252775,-0.8351530956729863
-0.09600971435669299,-0.639550350307087,-0.8217091578607689
0.7427433179823667,-0.44213926531003794,-0.5288616750357309
-2.084011892898508,-1.3493119715877417,-1.380985315681077
-1.6482591083194895,-1.9168467673625351,-1.5520735564730737
0.15698035175224448,-0.8621367725421645,-0.6772610580009407
0.31386405592867156,-1.9028292203027022,-1.2499198566377623
0.1738022295769442,-0.6132338327160332,-0.3599306878373065
-0.0010165238372051592,-0.3481280539611661,-0.4251340354033127
-0.5416589930991237,-1.5669838198619104,-1.3145739323979297
-0.25561347682818386,-0.3776734021139327,-0.7866702002209589
0.3624495071650091,-1.5617982805002446,-1.3080062950848752
-1.7787373701160263,-1.3643604209765694,-1.1066501400600792
-0.4703853246976283,-0.6213195072934777,-0.5063671263085268
-0.7677114329002729,-1.26324741162052,-0.7741329484273546
-2.124350703693182,-1.584011413929343,-1.2542276761307318
-0.324726072304861,-1.430673436961944,-1.2781482046171957
0.30711950215944844,-1.190733664680381,-1.2526977058574782
-0.3367438658227834,-1.6873822971468928,-1.6308544852520124
-1.275952790589556,-1.4593547986065785,-1.1938127126454634
-0.06640583149463525,-1.5893523059647672,-1.395248212375173
-0.3763961972427814,-1.107559563315377,-0.7258397101336439
-0.9652876182149901,-0.18169704411366677,-1.095392973203414
-0.05377106648541383,0.33113666266235847,-0.0899741792960994
-1.8802810457051147,-0.4371044578317356,-1.444604065086074
-0.19990821364595845,-0.17359035519894978,-0.3626873172917478
0.40932770453424666,-0.05234185577017087,0.37738262601170036
-2.312288980130682,-0.9591608660432387,-1.3760143281744268
-0.21385715722208906,-0.1826535553945563,-0.3371271051428666
-0.08094057008479694,-0.17444086673174683,0.0241566361141537
0.9294841615156213,-0.7227855250441196,-0.28930145235489513
-1.3360554499076396,-0.864932168554785,-1.0950113032639621
0.48537719465322926,-1.0099018464419691,-0.6842857046226303
1.3695461386990693,0.9406195160361558,1.0283506776700513
1.3291839542071466,-0.37396964363333524,-0.3561262452985315
0.9194312867473923,1.1932903024175217,0.877257299524037
0.6196643527164695,1.9032935950940577,1.4672061473456353
0.8628342329605625,2.0106300814171094,1.554560911492694
0.7264962764335375,0.5551061430633052,0.7435895892156537
0.9744219647608764,-1.0308546770689282,-0.2833102466268099
0.5609584298922329,1.630952538647405,0.7848326482885714
-0.6489829486837592,0.6226713745495602,-0.44261944228643463
1.0681573177089,1.6634156464453445,1.3361286983406924
-1.3396787462740791,-0.13076346447881912,-1.8198481875882615
1.0479110477322542,1.6167282423863227,1.6424088982659333
-0.8594774363607879,1.1847801094375716,0.04356302386362586
1.0047400047424528,-0.585430736593535,0.006253130196467893
-0.13463500000813874,0.3137262097585075,-0.22438899509844512
-0.21763724556903524,0.9850085042963359,0.517747945199151
-0.05386640588914287,0.24327127289967215,0.490442266367422
-1.079198856442497,0.6315388612289966,-0.03367455054934509
-1.7012680292772002,0.0487581181796441,-0.7506030791071417
1.187832127234597,1.5980180554010737,2.0037696432983263
0.7991436173942701,0.3431699725502374,1.0382623987789756
1.38472264736271,1.1382357281393753,1.317551268102167
0.21440026701719386,1.0718317869800276,0.48807147081863306
1.157653504466978,1.3364983870894596,1.9805766575183634
1.487791417086086,-0.42389478691145555,0.3015996642254424
0.9016857981011868,-1.4465660766623294,-0.26900638300813373
1.4036369608585337,0.5642341744476062,0.44476063669511023
0.19818454516754885,1.250423318916467,0.48096672887617764
0.33113505349012884,-0.18097178952347495,0.06740474522853766
0.6603502209444383,-0.04160466041896691,0.5433268879938781
0.5717808675887848,-0.18985786481587744,0.6944524356404894
0.9770431972554013,0.7732092973460627,1.66596731703345
-0.08048404517661742,-0.2805561105538786,-0.07967892738552837
0.7020803049618547,-0.07412354782934089,0.7127863138147283
0.736112495118244,0.24455338242208366,0.8011584528515467
0.07285782156951386,0.18958420906933351,0.6110059425632717
0.5339695172701543,0.44589355481655857,0.8738405954121238
0.584563407408613,0.684322857340516,0.6053474233129542
0.14475784543701406,1.1066204472146859,0.8761724385321489
-1.5625074910231311,0.6572293120139967,0.31170055739465935
-0.19104464902653603,0.30117033780343505,0.04515722527798441
0.7458079408638816,0.4764085244117569,0.39022470303074674
-3.193101380153952,-0.40389869507341875,-0.9497707572712506
-0.07937786408636574,0.3220875864102818,0.46236596405223973
0.9054605401963906,0.43926219842444225,0.4180663725226278
1.4957248026537737,-0.9176712251764505,-0.45571966487084287
-0.6471079635614331,-0.32501061471074133,0.1334167359120699
1.175968669692557,-0.005926491683545802,0.3387773048492914
0.9767766921416614,-0.32428083379781575,-0.1143050345731237
0.9683666473021915,-0.24747708931942544,0.08773875755152089
-1.635875785427916,-0.617253059943848,-0.36609743712437093
0.6744976477037331,-0.13752889795590909,0.16055138165442154
0.7765234293637971,-0.2035039640035905,-0.1651440383044788
0.9457383849412261,-0.5451629288985657,-0.6173868147052697
-0.6672009562348341,-0.4675421962251045,-0.09993089354692204
0.24599101257834005,-0.22463222741023262,-0.44707838618492163
-0.9532935998527551,-0.4547451447237246,-0.35007386390386164
-1.8459993201517293,-0.502806650359954,-0.2719211805546902
-1.0812731478019566,-0.6941948662079709,-1.3356815500030914
-2.9095523552045663,-1.3178865671295832,-1.3833507539239418
-3.110605904224999,-1.077186426666065,-0.9383325990527752
-0.4209399956470568,-0.28391719322248893,-0.3784689090347742
-0.3395947683167198,0.8780561072331232,0.40199187337584125
-0.6204540133892176,0.8833414402742916,0.39559626607793985
-0.7727561580462269,0.1425777435581345,-0.0920208228291374
-1.8338147935179467,-0.4244882313637172,-0.4196994850954974
-0.17679956264567187,-0.007502710209377286,-0.08447819889789514
0.0319836642748616,0.19626436404768904,0.16231954473749993
-0.45686427251719014,-0.04753419612567923,-0.013891388318491422
0.42926790376441093,-0.36236403362419656,-0.1706860567916801
0.2873610405400489,0.13631578074112144,-0.23716480989504454
-0.0733537797911883,-1.3219671055260347,-0.4792858673732007
-0.10651305665489154,-0.2905755086962865,-0.3681369268163946
-0.23161906547236064,-0.4040441692647633,-0.013484938440128364
-0.6763363894282557,-0.762043314289457,-0.6911465429374135
-0.08721373199443352,0.01541385763955842,-0.5624032964472433
-2.712772030770454,-1.5287018807956938,-1.505204592663919
-0.508318067301571,-0.6978138685542015,-0.5348312691693909
-0.3536883786154322,-0.4571746337773981,-0.9740557637538849
-0.8055602564969215,-0.5911357788609389,-0.9628307653326946
-0.5655020381424632,-0.5178816320409714,-0.6273461625969402
-0.8761172853899011,-0.940387419064612,-1.388530994194733
0.3496803612725816,0.042311962196797205,-0.12943114293695127
0.684471285713049,-0.030108040970051556,0.21397926449144486
-1.0033596597844494,-0.24856516364083964,-0.8020014839438272
0.4799581068312612,-0.6829374489892794,-0.4145777322474755
0.36608378374017037,-0.37461387144706504,-0.275669890453429
0.3195938199475369,-0.639790953927577,-0.09134891232829068
-0.9852442191468794,-0.7186726390992546,-0.9508546686992744
-1.5166383801770433,-0.09700621702410155,-1.102715707321597
-0.08286750789559778,0.4509391694653065,0.03733520519979507
1.2055054431830459,0.029553867677967992,-0.21193396886224783
-0.23598874084642352,1.6923224204850709,0.7214001912317956
0.9215883441760082,0.7037612666921402,0.4427159873084912
0.3305731073070575,1.5087375272507861,0.6687773206932497
-0.3406518644017324,0.6299439521730752,0.0666112529080936
-1.249781050301298,0.9094202933432851,0.16888761865516333
-2.257319088983903,0.0390562901407852,-0.6512921573372836
1.4036196869499584,1.5922166630573023,0.9616721886554054
1.6900258686971794,0.49382266854795165,0.5398360442900333
0.7348620466245283,1.50315416393613,0.9327051014119963
0.5613953288385528,2.006835295466073,1.159336381111409
0.8945588527765567,1.9940681727099463,1.4915036162655588
-0.08381785349844952,1.5675842566064044,0.2839237579496415
-0.5053550327892911,1.1452917038309063,-0.20676384494436964
-0.1296648290589335,1.239142276299491,0.540862576783787
-1.1849534364301737,0.1484244620991997,-0.669637245904902
0.33008164594781847,-1.1289189336360688,-1.6081035958596956
0.8354567955748697,-0.022742782954451278,-0.6460402969289594
1.3837253366431888,1.8599058959661439,1.085307068911201
0.5419101897304579,-0.46152594333405983,-0.4605170032533007
1.092696739423352,1.8084411588677525,1.073974731260953
0.9873386514699176,0.9265576845843435,1.2595109984604713
1.636975572836081,0.13105245617381145,0.7381320596047669
1.93208861415391,0.4949627559423298,0.6372442062382124
1.4762558308244456,1.565514434698952,1.4632808735313283
0.18327805211194198,1.129478495588188,0.7414641385560965
0.3675395211418903,0.5833473255985215,0.09270142346002438
-0.005660965116268995,-0.05359766272549079,-0.8989900279701873
0.16164488394413212,0.4662266624371355,-0.972427495244609
0.49167693155800685,0.49492566790571774,-0.23909103878434512
0.8254864422740261,0.41679785664633007,-0.43029047960922423
0.3958372322277689,0.5041959941611168,-0.57639533772825
0.8564220574272965,0.22773926068533992,-0.1823439309292643
0.11279267502434977,1.117688951832935,0.6844175329503134
-0.10507863230438004,1.4411799561587195,0.766080483002509
0.13382330484862384,0.7803161462898052,0.25277674550296053
0.5775975184688693,0.5618310609503903,-0.05770088620085157
0.0812068521100984,0.023539396176011636,-0.09536569489862158
0.14688521945176375,-0.14751058883053844,-0.282988199548683
-0.7359925692104848,-0.8001070510734524,-0.8945936007988194
-1.3594512056524064,0.7690432107747718,0.16357915636053127
-2.4361159132421863,-0.07882517389953185,-0.48852157696492815
-0.8101594268632265,-0.6743725881536181,-0.35317675737801374
-0.3270982909281089,0.7654571549083141,0.4825235408603817
-0.2652646764602742,0.5039580069331883,0.26416751279870704
-0.25364903019752627,0.5135904683815445,0.27273309718115785
-0.16102284375200882,0.22922213863477187,0.24812283040359676
-0.4195297965008482,0.5669123152378955,0.16222055841929278
-0.3201581342608503,0.7918455102022275,0.8600299598806861
1.0768937291292366,0.028006164996506,-0.7453233442047335
1.2951795137009832,1.0445308520139716,0.3818499602438037
1.811847825903393,0.8716489857961701,1.418352211009848
0.9489845849136066,0.5256560993421144,1.0190336915550091
1.6271706359408968,1.1063674926576499,1.5310081860869993
1.3092381821849304,1.6966393175344072,1.5624979083508075
0.8088420781247585,2.4275215399677434,1.2347905259028231
0.6759790371366451,1.0671872110214382,1.0209694529226496
0.818151948084608,-0.11225626412397824,0.21567310065539058
-0.7841200742072264,-0.8319828510321425,-0.1563332718740849
0.5462295450743425,1.2129924864402246,0.8137277842653128
0.8252323110058482,1.3774578110489157,0.7361534197601179
0.2845339866473742,0.17829013118746326,0.09056697517664024
0.7105014997344619,0.08114421684084981,-1.6293856139923066
0.4740200906775259,0.1547719984825592,0.797816914504563
0.9583308917828126,0.3054158848777717,-1.3153163783844226
0.8149588270372439,0.27983157558885696,0.4988000119106528
0.48759000372240313,0.035555840122737055,-1.2699808688859056
0.7020705956012933,0.7092352730564802,-0.07122604681132415
0.9318881062364833,-0.4733348647226347,0.02170830602987213
0.8499337555440778,-0.6936733979578237,-0.5472435357700444
0.8173529626403914,1.5921319513736063,1.0221848940979241
0.2967138142092506,-0.2732710710413615,-0.3108660626779729
0.554293686299374,1.389415450552859,0.8176539812030105
-0.0026883790081594244,0.6556681261241316,0.6049739856758279
-1.8178211306211283,-0.47404754584457165,-0.46601775643488336
0.7556065377860726,1.002868068536297,1.5324001578817323
-1.3882791210861887,-0.23799602106526965,-0.009127365657312618
-1.2482335603693622,-0.2365822361421237,-0.14171473039835164
0.7081870610545326,-0.7252471764416527,-2.0261735088208046
0.28183342351071466,-0.4391682460904421,-1.2941945953150065
0.8910299774002938,-0.2590389856274821,-1.1057678827690482
-0.018133544665804458,-0.6343562246332085,-1.5124107671552212
0.4658061118831381,-0.7315808340641046,-1.3457248522806433
-0.44264203208687997,-1.249580202882902,-3.518912246702318
0.797276440442651,-0.16391405936290326,-0.46059089956029703
0.1520171838749129,-0.3907664938201977,-1.58169012501516
-0.3870847569529277,-0.8807525332345216,-1.8275103701539208
0.9644690245679761,0.12369310801255026,0.018070776181096617
-0.15941508279168976,-0.26056365204265763,-0.6223773694458063
-1.6818001202635269,-2.831659979522713,-3.621746390686322
-0.013611709492292168,-0.9926848674904458,-1.2405729201661473
-0.4201732784478853,-0.5967835773439353,-0.5117104959945133
0.857040501402976,0.27048449273845093,0.4449135281167223
-0.25542949693604267,0.16492529604764397,-0.4817291988574729
-0.23152622435024223,0.5136910825163081,-0.06915282503738437
-0.4587213734879308,0.18906737435978158,0.5436017600689756
-1.5187473724175866,-0.3587465860717155,-0.1255396137396529
-0.43734129418911166,0.40911159701149336,0.37824987373692115
0.4179544019426955,0.6941141444431224,0.5157137665941388
-0.04781782504140723,-0.10931693997580087,0.6110531190001428
0.9113646257219938,0.20589192561577047,0.5297023069856112
0.8974477799682332,-0.055485507454540214,-0.13263031084809865
0.5688713299238174,-0.2949845224182953,-0.09273056884984326
1.1275222761086277,-0.3882672668113793,0.31261808904010346
0.9324649174067313,-0.1088774310369021,0.2612552548549221
0.3702234250495003,0.04961306094129589,-0.025021076381873564
-0.5624627484296156,-0.5134333554481403,-0.45272224357508295
0.08588225860964925,0.7385766453806192,0.761550320238963
0.41152070567715127,0.541647006794184,0.7300359988484663
0.008864408061714889,0.4155433136379625,0.11838220882258907
0.15176121250632627,0.21627216358689036,0.34055275698918064
-1.535088365683571,0.5439469027280108,-0.21307527450924477
0.8710004010268732,-0.614868787579298,-0.10939910683226922
0.7569952275476456,-0.010922919518050831,0.4019944644635519
1.2507984961359342,0.5932207459288641,0.6460945514221538
0.8900037039641616,0.059129000090188066,0.2908893065104304
-0.8084758541087541,0.5914537725867592,0.0797708169878143
-0.7089289624157178,0.3758818372927266,0.0036177542263963595
0.029119485686481515,0.5571198419711854,0.5741027379973562
0.64231337137068,0.44196409139467935,0.5701996881601713
0.48918417220125543,0.6296481096872363,0.8764191182184052
-1.0267920183133323,-0.8698119717795322,-1.0875618637118598
-0.9324461614636892,-1.200768390488774,-1.1252211133351595
0.14637074808727854,0.08323327078401056,0.05822548377930925
0.08181623339699719,0.3724453652598229,0.14020314153782268
-0.1693581828225981,0.29808902790784814,0.19021000540828406
-0.560252846906493,0.4192752159927368,0.0029830649765340907
-0.08034645351223675,0.7338661570139386,0.09549098355953181
-2.3009898778761926,-0.07202548780658441,-0.34273811298919826
-2.4536799323603633,-0.6670950353351417,-0.5995325538936149
-1.2766829056869913,-0.3080663386846072,0.013653057805134988
-2.3338224403537082,-0.5864463467961734,-0.5327090056517066
-2.7236693532323706,-0.948857371697145,-0.8009623135827176
-0.6432531201370928,-0.16232862136490356,0.29079277732244135
0.44940562116969923,0.4188904932302578,0.5028412130792094
-0.4649580968557052,-0.03297816807849707,-0.021835598682659982
-0.06647720526320265,-0.13996495674249396,0.2950026889967266
-0.7812956668682121,-0.31099700215837106,-0.27744993877742047
-0.6220910515623052,0.25284402262535505,0.19774196392933405
-1.479518312690793,0.0429740687862638,-0.08651189516074867
-1.9836401183133554,-0.21785614982162788,-0.24906365620968
-0.4980815329452405,-0.10345480329770597,-0.6978785426011548
-0.6549072186809872,0.3861036107521746,0.1558290385273909
-0.25558340371682675,0.25011070301998195,0.6966799035335188
-0.3977836577626826,0.43317926967481746,0.45937174985543777
-0.6235880980777774,0.3165554762885567,0.43735770571718907
0.31528794464293514,1.393076523633928,0.6877405925909649
0.38034727764576176,0.5474123669906927,0.3049107937334609
1.4826920388616096,0.48422777953080504,0.7451794440610034
1.5401654592476017,0.9179027982733206,1.0311784943055748
0.8678762409795411,0.6412567145203169,0.6856875111824636
1.3542345803628058,2.449753403596274,1.5990852781827813
-0.9005192031003729,-0.23563097068953687,0.06748123236856378
1.5522107076298859,2.2957058500360024,1.4916402773728885
-0.6358145154360781,-0.004956196727052892,-0.40008536827108965
0.9282221368650887,1.1322920363918132,0.6199922341549662
-2.0983640369487473,-0.8094010224355582,-1.5662957070206067
1.2343007989298491,1.0715799509486945,0.6446642036375604
0.48527647420497527,0.6496228583128322,0.1711987127070205
1.2700446441675992,1.1653013352820163,0.5276592599128036
0.5295943902187443,0.6000837012058453,0.12124280978380451
-0.039966161285070516,-1.5635645802463598,-0.517064546492588
-1.112391659488058,-2.241905419363868,-1.561608903237905
-1.0520012640689804,-2.477771526522234,-1.0307468383905165
-1.2447437099997578,-1.7816702999216407,-1.0324665608251047
0.9298744979844815,-0.08362795301478551,1.0299882518455412
0.24172589213345477,0.110043007799807,0.7685953846648538
0.6881558094301363,0.8853824948782736,0.22707755430882318
-0.5442328781232328,0.858023243421459,0.3542261332955282
0.4972825882344318,0.9656961951270688,0.73879898207656
-1.7130049878589393,0.055877494323542255,-0.45203104744862216
-1.7150969129957399,0.35850588495665825,-0.10775091729881627
0.2266222444407872,0.6108911058053258,0.42489080940048846
-1.8113802147963685,-0.38533754528217096,-0.4942141372302295
-1.0752662559171486,-0.07196107665512125,-0.24952143266578658
0.633225684864932,0.44778617854113667,0.8223358985551443
-0.6025332798809263,-0.2002331970031748,-0.2744187025150295
1.0541923565136464,-0.4289382461021307,0.04950845599735516
-0.16443537078278445,-1.9619524597669402,-1.1491353081663673
0.8380161099748447,0.4220702191800527,0.7297179875245363
0.9141467087174467,0.9554772880267853,1.788066061270509
1.5382116486389112,1.5849403898205656,1.9687609203689285
1.0491059212061276,0.277169331076698,1.1438577602328406
0.7598057510531184,0.7156708479097084,0.8288778620509715
1.3545017119829692,1.381263974998258,2.066109388290871
0.6594159380641841,1.3808585308157977,1.5759904971564402
1.7185287119540544,1.4317202129604005,1.3344629731251454
0.7216179833133687,1.1587263209039431,1.6106808830161095
0.09013718183401892,-0.28715961822883007,-0.9856755340853699
1.3168055490894535,1.6035550794499989,1.4562521388501575
0.8178894779256155,1.3942224473837532,1.7256631580208128
0.7785856828664818,0.7996784094383953,0.5881558789122707
0.5047087177747608,1.6191109074273289,0.8113288855801577
1.125923468512906,1.9518355062320207,1.5771217969402465
0.8474899864152655,1.1868373902954408,0.43994308705489593
0.9344444479907299,1.3908849763915563,1.394164367017787
1.0898798058127905,0.65843792200865,-0.26421962340133265
1.2555212184375408,1.2646876658607886,0.9058313810737413
1.413800340040717,1.4391655323957842,0.8699808784143822
1.5188324438562664,1.6251012502763804,0.6398711898433649
0.34808620857395184,1.0998608237806957,0.7479089256141915
-0.25012771054580213,-1.3883370117650211,-0.06236465320544586
0.8744617092894761,1.424389043837101,1.1649558913237026
0.06190239070007691,0.1368607849923364,0.8722086117197101
-2.413589751084486,-0.5152907912825317,-1.1981006674328036
0.058820735626122264,0.8147602143785286,0.1424578584076678
0.5284727577629641,1.6381345271668788,1.2678187232608444
-2.0906212953231607,-0.32683102498699423,-0.1888948419581601
-0.08952241787850569,0.5095421987874968,1.0007478901195197
-2.432971377896497,-0.7860237702459342,-1.7692468517216147
-0.2849095811041,0.24213775389429285,0.24447562293054564
0.7712000300102294,1.423534805003353,0.88331091784044
0.1546255440012546,-0.18191685765660603,-0.8894142774544924
0.5050921659270948,-0.12489140883256446,-0.007704699964054459
0.20578555736705312,0.11594858852415192,-0.15857212197650253
0.014064927224779235,0.09349900564433397,-0.905200344351038
-0.004207875253052333,0.10336870296199581,-1.2538404413603295
0.17565801160065567,0.2372197677927015,-0.39512903888525225
0.49153189437590683,0.7780376250474675,0.19075220767318257
0.25866595597631775,1.0054492386455283,0.19316566007868108
-0.22670996553794653,0.6466801699265171,-0.3205126952843217
1.2680287896285163,0.008811567791047305,-0.04131409170978814
1.4484694556828925,1.1058476043775485,0.9701480326149181
0.187417766918427,0.974680572588435,0.4973067360906272
1.0770550432058312,-0.9305597004476294,-0.14361206833778742
0.9629859942535532,1.1127492735046323,0.6914789003809543
1.0673347252737,0.0004294455095958938,0.34143123422481136
1.27379026910435,0.06330567025398037,-0.22289487699046598
0.5301482709491357,1.1180614789256724,0.9768412833888106
-2.396507658887267,0.4735627664954095,-0.1281637427928451
0.7044492747493115,0.46583247347161244,0.3944656317958239
-0.6712312560285546,0.8279981436442915,0.5381006622335729
-1.4322268528614428,0.5519456754225349,-0.09162167071886157
-2.552356918610038,0.08689025883482528,-0.3337555746029139
-0.8105512181225516,0.023812837048320542,0.0024406769266733467
0.5965330049858889,1.2980784201551143,0.6459806063743316
-1.8947468184444156,-0.3863556751719674,-0.7000083765977257
-2.2611273346597254,-0.9314571426796365,-1.9830892811640752
-0.7447601647218013,-0.20888372848877995,-0.7250650326088182
-1.6011088672422942,-0.5371767366413203,-0.7878042813689761
-0.07866248148154288,0.05611554071222398,-0.10296010283241204
-1.90066645637414,-1.2290408845673533,-1.4602478352097208
-0.7966229981542953,-0.720062718724284,-0.8154541909193895
-0.8819328642875754,-0.6079709701059417,-0.4814817958267322
-0.4096405674521413,-0.5371027083608018,-0.5366789308080687
-0.8352581416166271,-0.7084420157657529,-0.6535243445949335
-0.567403540336084,-0.07643968133247077,-0.200804163006797
-2.0687224084622873,-0.8132520273343491,-0.9839771729104221
0.9257778697177423,0.12425169551105819,0.402249982217513
0.949094811762589,0.13987590367633604,0.5486929400553421
0.08789642320865829,0.508537413015489,-0.13378076392439645
0.13372668095115942,0.06904589411958405,-0.4719040414875548
-0.7596360787687139,0.017853080781948763,-0.3458064682147175
0.7412157206211575,0.9692770593028383,0.9306047801780353
-0.158834993993966,0.31210776419586156,-0.5705846450153464
0.899691750217149,1.4906299546918198,1.1333352534784729
-0.9877465866621181,0.6096125554393446,-0.47417876628761974
0.45502025048594325,0.6925326598063785,0.03699234562144098
-0.8383683741602928,0.5240966363142298,-0.08461600891648319
-2.4815187687116635,-0.30362675576310333,-0.7328337892923045
-0.41422298110791056,-2.074320844763029,-1.6893363481327002
0.2952323458979232,-0.9208014215275571,-0.22155118305211746
-0.6390921716271987,-2.7129221174943217,-1.9137842917562964
1.4900970522098278,0.5628344452076707,1.8635379793576776
0.7262288641210762,-0.4997497369453401,0.15601141404518648
1.0645462089885418,-0.3232643250806992,-0.574497582028174
1.4529482514904648,0.48188918771394695,1.1049480611329565
1.2023786287840477,0.3016851024424839,0.5521070312320095
-0.4780128922895882,-0.11645300977860198,-0.4471141909994524
0.06259824641034294,0.5240618803317938,0.5943068197843216
-1.9279542449057374,-3.2570954557763767,-2.896323094898551
1.285099978925614,-0.1098992548889075,0.4566229206950611
-0.7869518857736055,-1.0436181793798136,-0.6251736044136229
-1.0806207549721836,-2.154685606825447,-2.024418728423659
0.04939951237202962,0.29797067029442503,-0.41170053266138923
0.36115296737796865,0.5863093262292669,0.6410684688767128
0.42487732205574713,0.7258335824282056,0.9178727164132267
0.4289881801362395,0.6603234369645301,0.7128275508154581
1.1196392020457193,-0.008728487903300547,0.3611610249354916
-0.048352159311224795,1.052184177373788,0.5935512357234533
0.47750275500256084,0.4982529226473799,0.6468586177401409
-0.8963008540448218,0.41972201057286584,-0.4829613822737508
0.8713258710242194,-0.3225472514072793,0.09160510685155664
-0.2358956119192098,1.4783282022397033,0.858002248628321
-0.08998970187710988,0.9708251050285741,0.6917364942464753
0.8814007017323464,0.028335801596329997,0.04955454208263641
0.8476405330049042,0.9800135826768245,1.078810701512756
-1.3423530055078086,0.506755930863542,-0.4480169232509618
-0.6370420841343412,1.1149614628522,0.5817823900008691
0.26280872730062455,1.1914354201236248,0.6483729495351576
0.013617989629460352,-1.161451728593179,0.7269730993293655
0.9468368594789847,-0.3776118539247443,2.481263869050999
-1.7457547084564489,-2.0805433187650935,-0.3739161247590659
0.11542966956147861,-0.6337485914049248,1.2796208044149324
0.6199350762353087,-0.3731465911274231,0.5849633191116251
0.602907200405471,0.6687914511727109,1.4922476122645563
0.510357417626977,0.22538933400675215,0.4209507094360616
0.6634658512539754,-0.546446619295063,0.7430531611472624
0.712831354241888,-0.5506927018588974,1.2852666085029965
0.6240669034546888,-0.34650395700860354,0.9580408998465121
0.1596692585671502,-0.7234499356802382,0.4233923845520767
0.6961632913766606,-0.8407716582539766,1.1805954220989312
0.8897949631223478,-0.4736308372464491,1.2348976888189354
-1.8804937330292824,-1.342118259901446,-1.1526130014398264
0.817473995559197,-1.03531545176048,1.0588740228551219
0.6965721515773797,-1.3677886351260644,0.8144258003061741
-1.4371845992296588,-1.6500080858489279,-1.1041142764449832
-0.49581433739809555,-1.884990861637203,-0.392476546573933
-1.2074065196701183,-0.555719396768948,-0.4471791949355755
-1.5406588413895785,-2.052381633916695,-0.9372894971623311
0.6054845894434719,-0.7519406909116183,2.199507527355351
-0.9176104643450068,-1.3557651297487008,-0.365320041230064
1.0187445657485434,0.15001598158200913,0.4233676083873478
-1.214574107581954,-1.156946890150029,-0.47455094356087363
-1.5954113279535809,-1.8005053002343965,-0.2230717669360602
-1.4196662927905634,-0.29520798972939294,-0.24753084630055813
-1.2933758392753185,-1.365965241022121,-0.35178023997458685
-0.28091395927075985,-0.7687032212922402,0.3255360754416778
-0.021793848776549867,-0.21923935409559958,0.20071894864163625
-1.8274709817603927,-1.7471364472910247,-0.8087556086192006
-1.6549071840577751,-1.3093423049790458,-0.6314154900281485
-0.6867639694384682,-0.5406654510542117,0.404330627924875
0.059204275026003124,-0.354862894266199,0.7809281803945578
-0.7604180004176928,-0.8350741414110958,0.03639020525915281
0.3740488293218033,-0.4647171085867185,-0.06251338916645154
-0.26298858863229313,-0.5766561018297086,-0.6938754054144665
-0.5571403230733268,-0.19231347789021636,0.08362809306443551
0.3720260175406978,-0.1671497490733981,0.1658355043198769
-2.282451689183721,-1.0852204609935765,-1.1542240470081302
0.9497213097266322,0.04077430802280637,3.016302664210285
0.737781079022541,0.44591049870173993,3.019348310092264
1.3968860777910048,-0.19062024964960714,2.8289899358536967
0.002084952603894511,-1.4608910077910917,0.9391783076859613
1.1918152539082203,-0.07213440146442633,2.5504017440452817
1.4605607932020614,0.45299302409228465,2.681685361456726
0.9144261994741478,-0.24308069952611575,0.716805531033576
0.8891468413469198,0.059688329952625664,0.5790920569319596
0.887917039122544,-0.19324257698256161,1.5359437139637593
-1.0973498800254882,-2.0859717927145356,-2.135598801827776
0.1893852254586649,-1.2214635740360371,-0.22891811574664284
0.6330417496689555,-0.869695992192832,0.9391491927819122
0.7296702473613579,-0.9470531048901222,1.5941645564510396
-0.03507370148043224,-1.0171226523048722,-0.5094128146258566
0.4900750244256148,0.26199197173975725,1.9652802719754312
0.9481951608931193,-0.5781948962491614,0.658133614712535
0.08095935972825487,-1.3300244791916596,0.6384443686498185
0.5516888020333842,-0.707598222492296,1.085124473139153
0.9353941820326682,0.12561979514930222,2.4746309651691334
0.9188502282254024,-0.0367617743313264,1.6241902814996374
0.9001422408472407,1.201754357628382,2.612176770389915
0.9901452636053426,0.18799291057590226,1.1349324767122566
0.9249096818422742,0.30083704086504987,1.6134504405027095
-1.850322829081779,-0.7326965608680942,-0.8088875605145393
0.7253436646575833,0.6491577441595994,1.166548944149313
0.8498699512632454,-0.21065120981593857,-0.24421136895649356
-0.6845736985902342,-0.771454226318733,-0.3149311497525243
-2.1326445628088533,-0.9833492484428634,-1.1379627595226791
0.7179257794962212,0.06982973392238327,-0.0036219418319842363
0.4763883711673229,0.29298042452624434,0.022645956552734037
0.022439910408584028,-0.5151395894973324,-0.7776697509051981
0.26077420124214706,0.3409060774284862,0.11569586989316134
-0.3287436047627031,-0.6808021884741927,-0.5153251778642184
-2.1396289606515366,-1.9460769218707115,-1.8802481985456594
0.5368040264313824,0.34305066024395686,-0.18931025273787006
0.634656499601113,-0.7204765866913799,-0.6414810995957657
-1.5933478393517075,-1.0087298681278862,-1.0836142632255494
0.45015009655864247,-0.5392123578758559,-0.4127002264093443
-0.2480488357740772,-1.6890022811820469,-1.358065462208938
-1.076475538343606,-1.3757902595013074,-1.4986548226719136
0.5010930607067159,0.2443658522440977,-0.21392924550889278
0.5596700385532797,0.7729176928105237,-0.3517510794706509
0.13786474756717393,-0.6823528554084641,-0.5397620668364419
0.14217900823400917,-0.6877373922074453,-0.46523764801049006
-0.3644083176232732,-0.7818113348769736,-0.8186725633182715
0.38872873413498826,-0.7151889062082676,-0.49571846800674635
-0.8234496818850121,-2.0425900828632804,-2.060280421941947
-0.2535418885455468,0.04445700585371399,-0.4820832525072518
-0.8516889762989122,-1.9738806095975727,-2.171474937537413
-1.3998921009986596,-1.358495994138474,-1.0034812015905397
0.3159526224003709,-0.6244930289859237,-0.8746722496059927
0.013368837088466042,-1.2290764734867874,-0.8527570229652217
-0.44866937415877123,-1.2813361067498932,-1.0555841164094566
0.17823190961027963,-1.3011138808226514,-1.0674351062107186
-0.31126070419668583,-0.8901545155635051,-0.7814065656350128
-0.04526056872373378,-0.5240090858655906,-0.8676705154392913
0.29779990825349656,-0.47287165034209955,-0.42488246424355103
-1.1177267120120469,-2.0951500429417544,-2.0378744043631722
-0.25140013690431806,-0.9456070999438226,-0.9074299290916266
-0.5861906991489269,-1.645914570405682,-1.1299300811972932
0.05140001303624065,-0.7966584057486333,-0.7022445085390573
-0.9393381648569775,-1.1033098307279807,-0.9116096621143516
-0.581191772396754,-1.2207020416403422,-0.9450319703066853
-0.035762718717005614,-0.5636653242411521,-0.4760697883724141
-0.19738306601732328,-1.5762832290317528,-1.113003196578646
-1.2362449513830174,-1.5764928714805178,-1.141588809403378
-0.21376544054009425,-0.8330823274865354,-1.1533217996688754
-1.4774093589242814,-1.7389780220029936,-1.8478014940923584
-0.06732860160415773,-1.4524079263055443,-1.5229952939904963
-0.5796613419532639,-1.3453040114488741,-0.9943660338568834
-3.188620806402992,-2.1147907536967145,-1.5552854500937792
-0.7144777121420188,-1.5369440566545807,-1.0378817312298947
-2.225934025253896,-2.730361558660532,-1.9844940168245215
0.26379321128306066,-1.3144059241795683,-1.4592540715799458
-0.40415226681150224,-1.7478360481632464,-1.728298019566573
-0.4378197115264111,-1.6627732105422193,-1.3796186279873788
-0.8421547822485427,-1.7602625649613681,-1.2726765917501295
-0.9162847559048704,-0.3092583496885894,-1.0807929898295285
-1.084548330767008,-0.30802936988650786,-0.9227181417384069
0.6456481663543796,0.21572564381764592,0.20477044216746557
-1.0697580495683443,-0.6819287404934861,-0.925409718646549
-2.8600937833692353,-1.5714730367264143,-2.169030371577294
0.1257043434573318,0.09796612448042397,0.049746919446076454
1.023887288900944,-0.2386111869909335,-0.08574485856312791
-2.9633413098123595,-2.0536714063600066,-2.1278230411557018
-0.8539846257304851,-0.6852953197535501,-0.9851418705760135
0.3272303521828342,0.08201590078301953,0.16159195862886105
0.8928381160045599,-0.37191172693162555,-0.1975505741876777
0.37716109579817275,-0.9379086386284515,-0.9141527284667806
1.2505297622832974,2.299891033658678,1.34164175462374
0.9084265750546083,1.4884975545102304,1.0315335997609134
1.5125067979732925,0.5081291129315905,0.3610811873292685
0.8631925167630833,1.4051382275142228,0.618798004326165
1.3255203222616991,-0.30643627069809926,-0.08307775428016709
0.8658705625538632,1.290737882863015,1.146642533538737
0.884147173749016,-0.070887863364002,0.03388894401474405
0.7649623661059051,1.8632589480147608,1.309584104124349
0.752944586235028,1.5931839456590227,1.3331662059089706
-0.16132465117872408,1.0855880020333981,-0.08216286011539618
1.0669374232142024,1.0488663374230454,0.9715292073611458
0.6156713567325126,1.6145802921982517,0.8154708917412659
1.1620530683766368,2.0834969702823045,1.6824876675238345
-2.3450676832143915,-0.6455542058575867,-2.007009003650358
-1.45486576434945,-0.19941588940113894,-0.6952269788967279
0.9115275098999625,0.3968496835330756,0.2881743127491523
-0.164456737202355,0.14507513569464575,-0.36531095853166773
0.0377092114234124,0.3203396240269689,-0.6827925341950922
-0.4258897147026123,0.895351794673739,0.12612707321442554
-0.015427446554732481,0.6670309746568428,0.3708734547132939
-0.7217152611798673,-0.02110649465490791,-1.1109646518519694
0.3859530861925525,0.8742268021437432,0.7805504505059708
0.8006816932128542,1.334622082977601,1.0949906244461676
-1.2046274661099445,-0.2317175887883833,-1.1630667365708975
0.7577793258167707,0.021791060374911478,0.3096433154247789
1.1932197487564147,0.8197629898016631,1.0076525479550051
0.857034351500269,1.1822568827858855,0.6088365972524362
1.2788018030403894,0.28746150416115057,0.5363981177747907
-0.28454250786948443,0.8097377554227573,0.2248687035427552
1.7194862539439617,0.8543814772529426,0.5291404635621542
0.2621301612241271,-0.1308045634755577,0.06838875977615518
0.46437297829512003,0.037489390184114804,-0.249882030136214
0.5451976859510028,0.32215104322438093,0.5858683357107527
0.4089531465157393,-0.052780015086239813,0.056283648841880224
0.47369643602712885,0.16947129645072864,-0.006833561159027951
0.4974774557456241,0.48549612443507534,0.2903092293728461
0.23177433498938965,0.4627607502355677,0.14870042083762025
0.30318505617337516,0.4993582691925211,0.47395303231740527
0.5139519048568538,0.8619790181527182,0.9211010173485564
0.3067548911377842,1.2550644870469871,0.6030398440581386
-0.6665097379995754,0.3753005449258044,0.3575481785381738
0.8794452609363606,0.9386553497969532,0.20382775447689355
0.5926965430004326,0.8747791148684174,0.4228940173390303
-0.714010559872024,0.12986758702348644,0.006649462642200076
-1.9190885712719727,-0.20204577555015937,-0.3948199635865135
0.9714796266057022,-0.15605794455092112,-0.13223033875047452
0.3411216219603544,0.5169119533338576,0.6782801822497047
1.1707000163768826,-0.6214404849334412,-0.6881643223910086
-0.07602308295450654,0.1509603517176726,-0.12085887202620743
-3.4557644737937805,-1.3788005705249382,-1.5526846594346073
-1.1035012468737517,-0.7677683902566697,-0.30494229111635246
0.9687502667954688,-0.3758241494069802,-0.18969805492894923
-0.6695833557240856,-0.4506589210960773,-0.07403463899669056
-2.658328418079355,-0.9138468750120468,-1.248987096425897
-0.28820730599596867,-0.4202063295625248,-0.10164823921957201
-1.2304105223145847,-0.853514251546658,-0.4016926145513644
0.3668116534624402,-0.40801606017603204,-0.31892921229133103
-0.5019641336037707,-0.4689489054840036,-0.2315771825483572
-0.6933732637007215,-0.7730040711410817,-0.5347535180292572
-0.9878416109242454,-0.2109680867551089,-0.6591195440785615
-0.6194093459500791,-0.9137658098009485,-0.7829529506743715
-0.5725336896652824,-0.6651788698572207,-0.3379196705250452
-2.4416663531466907,-1.2799309658009466,-1.441358584619959
-0.8372296935381365,-0.4023662659811041,-1.22507414925617
-1.3764330404350942,0.24604231628582282,-0.02160936281787571
-0.40292766337097485,0.3549253099863299,-0.028125823350959447
-2.3303964071610284,-1.0313651596112208,-1.4611313443494929
0.8446449571878862,1.1554308357582916,0.48502958453242234
0.35770763154201707,0.44076115798794874,0.004643132079280992
0.3364350299939447,0.43567035032048734,0.10728447921281145
-0.16779335500444667,-0.2527036806951703,-0.45304871229749116
0.8966229026173135,0.1853732609868043,0.15785430485195276
-1.3637596094406415,-0.27487524960638116,0.03916674102918854
0.6168233813815488,-0.24563382172456782,-0.25256736442782485
0.8406954823445277,-0.10721808971019535,-0.1027384158826392
0.8767950839091445,-0.5674135099435548,-0.6446684601205436
-0.5036964565922398,-0.4924418172272976,-0.2776831040077247
-1.4449272099138684,-1.2703927367270236,-0.7671775269840285
0.13528702114868754,0.06592399898556313,-0.2977260714738661
-2.5649800450674696,-1.7764581607803378,-1.3635436908340537
0.028277198004255235,-0.26182012533389953,-0.5249032789144752
-2.1843897226349265,-1.6004432345193687,-1.3073754793780397
-0.18782638016634123,-0.5504712143056826,-0.6535675913225947
-0.5816382084405399,-0.6208896854984038,-1.1720948830201605
-0.738059245828196,-0.8370195492455583,-0.7610435459535064
0.07459375621770711,-0.31083112264150875,-0.535106057306598
0.5738294279725651,-0.08748862355059417,0.21733474174814174
0.4179958019391524,-0.3192510695763413,-0.25965386719763917
0.04564719784497357,-0.4596143025652446,-0.5697609143669841
0.816967996370044,-0.7644198760351851,-0.30708175738394544
-0.11116574836073809,-0.3517999956638918,-0.31210442437946695
-0.3333494336185355,0.3427667188513274,-0.2359531491856596
-0.5513629963904022,1.0639842413369833,-0.03701791595103685
1.3236769412562428,1.6103051530342853,0.6649827566706366
-0.8097896565048011,0.7237932330107084,-0.1658548606631657
0.9547025797770942,1.1381010859115512,0.5882753789884052
-0.9027018608815052,0.9592064050620669,-0.18593872483592913
-0.4049130450682778,1.7040323902707306,0.6073195931545521
1.1200735477073858,0.9218304197352934,0.08533611157879596
0.19578038172638185,1.4079287229383186,0.3062063662531165
-1.0322615270337767,0.4844690299199174,-0.4851694868444158
-1.6292391335450023,0.49084751268880084,0.024009609388338102
-0.1265101202823734,-0.42128798534012074,-0.8132305437719883
-0.197694506028958,-0.6081515859001928,-0.6863188637810327
1.6149668930279621,1.6860158781738723,1.3878734742229908
0.9414551184572341,2.1229636633772704,1.2628215763124215
1.4018890987841506,1.001039674703925,0.5455903514398223
0.6131806937032119,2.094337266691425,0.7444873073947579
0.6154215723070398,1.9552995774178865,1.121680071998246
-0.17794957921513077,1.3113405527683144,-0.048264853621759245
0.017736675378666338,1.144880109604722,0.5627818457855486
-0.6250304702948111,0.19483479526147454,-0.7328292851090672
0.12216505857176183,-0.8260317976297723,-1.439425120293264
0.9354784741373287,0.4926504652931879,-0.5589996601407115
0.973275464384515,0.23451776318379508,-0.9585114058342828
0.9812996434450604,2.141393914177034,0.7269430365741226
0.7209567253244401,0.8236097447176193,0.016736741698103273
1.1100558508461054,2.207973464669187,1.3417346869842885
0.8574148950396345,1.2656204583765103,0.7690973277784672
1.7497499537226757,0.3400538551241097,0.20089883332000474
1.3586444718654642,1.391972735386557,0.9648698922230267
0.7210971568298696,1.4205317603218517,1.2241965880502106
0.04759717293883449,0.7691762588900177,0.4181462724041803
0.7766430568143438,1.0673500667941918,0.7306273932175547
-0.10703884356274275,-0.4490182637206716,-0.8779629761043469
0.5815085667495057,0.5885194968365143,-0.1660155465546983
0.23395232259164206,-0.19324570204189648,-0.9975069276302286
0.5283589784377902,0.17185688381711903,-0.6259941804203973
0.6166354913900155,0.750630084393031,0.15695781933356556
0.4523467972340273,-0.38883881935141856,-1.2675919809821332
0.36107420648328026,0.2528116997792595,-0.1671719587879026
0.29151923584423317,-0.5511037605267287,-0.9228243245108504
0.181644328236088,1.2796822590256216,0.9191793093593589
0.36781019400381365,0.949632323702647,0.4355056587632435
0.46115007434160527,0.6273454996290739,0.3448389225320554
0.17905995865749894,0.8474949271988275,0.4124980626755966
0.454222774279561,0.1639537105248008,-0.053483854511204916
0.8098651057909573,0.3080331682761835,0.0858244174766461
0.25304975577872374,0.056269198591942585,-0.07193901301796317
0.12352752729026922,-0.3908381580029979,-0.6865968355868393
-1.5268252550755934,-1.1551425715834365,-0.8148849529828074
-0.665820595820677,-1.0243394017296568,-1.229717316355628
0.5296831444800415,0.8161248496023491,0.13202654913091405
-0.8488257495850642,0.708249586908107,-0.03661296394196971
-1.8780625054119418,-0.31968911172318076,-0.9646491151316007
-0.6727742867919185,0.37376397528090327,-0.09595930697404514
-1.1172785646406218,0.08902314318605949,-0.3485707939439443
0.6689222773340782,0.6726540360341478,0.4490065047708934
-0.8574484933787463,0.14904803325714125,-0.19258248369453962
-0.26248371045939406,0.5248585938600184,0.03913342124692179
-0.3698443859288634,0.4014738345154859,0.1905203098368741
-0.92346255136057,0.23730728624859024,-0.16837340184953734
-0.2858029368290759,0.40449487654306554,0.050536328440136266
-0.289086560846805,0.6084184843691468,0.40830041163003694
1.2261424125538025,0.8411275554404647,0.7966148686129894
1.4386560042177985,1.395118185036795,1.1551896279506104
1.3778475073534626,1.3307527646180954,1.2547324085411142
0.5856795845618057,1.4714240841824795,1.0762954648544516
1.571083649346055,1.0846397962428451,0.9191188954344928
1.1972927962638813,0.16324817480020135,0.227409661424376
1.2205748218438863,1.4968594231986923,1.183848690031801
0.8974533021585928,1.881587452544413,1.295634613896383
0.5619266516802656,1.4504802921730342,0.5228539312540257
0.5651814279363901,1.3783246835713772,0.9531483583427108
0.2988265777260002,1.4419810818417977,1.054916337058267
0.4836368939751226,0.6412937359079467,0.43027719980649876
0.8318929201840796,1.0086397831033271,0.4595151497541076
0.061552862503776284,0.008070344781280764,-0.08413247008918215
-1.2930030753956496,-1.5457492387486673,-1.2309912146619142
0.4941345136901108,-0.07180109956675623,-1.4098494755757427
1.0818895972235174,0.5097024998542315,0.029258959335876623
1.2053339242118675,0.21275028295420853,-0.5694440153811031
1.022800472380316,0.5076595381098018,0.6337736035743703
0.8380725555838624,0.020341563519274568,0.09450233828259118
1.1314097459293848,-0.05803363208572697,-0.07046521690285713
0.6847111739926782,0.24490963620440176,-0.1323692266570202
0.6491963374291936,-0.9777320357989017,-0.39050944951901645
0.599621601475713,-0.25497590491699174,0.07034131673124076
0.8232616325876083,0.8284727658304324,-0.2024053542709841
0.5817331083187313,0.9976924954326755,-0.5793573225500753
-0.057535033921179916,-0.04787021352729124,-0.6598194661534058
-0.6769629604511428,-0.561413894286265,-0.07826731008863698
0.757304429465071,0.6472836748265214,0.7944311953506857
-1.0742136310973127,0.22774479123790545,-0.7591124732459725
-0.6923672582394538,0.0821730084945695,0.2916587285904063
0.44571662566684717,-0.5605485093591888,-2.1812917216184484
0.7564450113565344,-0.13616063016535784,-1.0371063464376185
0.7540798729202008,0.01666867601814946,-1.0840268397155268
0.7471417600037578,-0.09782529943188706,-0.6244838274664676
0.2091641222793997,-0.6085950736977327,-1.7593403136649721
-0.04119862006266285,-0.6880088647064768,-3.342466329419321
-0.1718431094400895,-0.7718697213453967,-2.2467824923044444
0.32112055464200573,-0.21567343600758118,-0.693207927163079
0.508638149730245,-0.153217289463101,-0.5535653031215192
0.03564042755469896,-0.6581405177230708,-1.7239259034235268
0.3384459286599576,0.15811830784035888,-0.7724302659273884
-1.242682577198109,-2.122830384799523,-3.3626973654932346
0.48604737558027633,-0.015939993782406365,-0.2693101290923901
-0.11519551888104654,-0.5936797236270414,-1.1388740631481848
-0.09533389652666616,-0.2302355012954092,-0.5800205937625241
-0.6001182886560519,-0.0007670863537132099,-0.7642432654345217
-1.0771808051236802,0.09679817877189649,-0.2183352607560055
0.5195730504323757,0.33669271122516914,0.2817306198812258
-3.1958313995085854,-1.507303852560622,-1.1766304936353658
-0.43236631952393373,-0.0766457790458869,-0.10571593644653961
-0.23040126196760688,-0.05758416727652427,0.0048931003919067025
-1.1813366864002923,-0.4323097097156979,-0.20585205983820407
-0.3516047295276483,-0.038437279006436,0.2527920314485392
-1.4643294609842537,-0.701670232645888,-0.46445494719096714
0.9517544939514206,0.6446846413592193,0.4567280317231242
-0.014434734262014732,-0.21199910552374523,-0.09149548492874585
0.2638586103321424,-0.2722651257639566,-0.248375538017714
1.1127323474544668,-0.26575444401426385,-0.30958437096264
-0.33579082293574314,-0.11148341882902615,0.3305178389642254
-0.8454379624450589,-0.5813952109404819,-0.6570231582383026
-0.7981544060192212,-0.02568968257358743,-0.35833546471975536
0.41772120513256983,0.33365915804922247,0.258429885308014
-0.18788850473500013,0.5726184761595479,0.3056886028268803
0.3846154645827777,1.00766125898934,1.1015449322528361
0.0014836451253262028,0.30685195139604615,0.2006736650789405
0.563327300777234,0.6018075779591227,0.3489892293529225
-0.7148895933471441,0.06250222592504273,-0.31089042717546034
0.8744478152937812,0.30565385799058375,0.4394691858375289
1.0295206734672315,0.7258542693299557,0.43864916802026366
1.0611917322399524,0.04657010628853432,0.27206709703478577
-0.06762768568908208,0.04428947510278359,-0.3491087802614169
-0.8611313052835012,-1.573938128831296,-0.950373947163628
-0.9705067291950376,-1.4504344956365944,-0.8506292169059456
0.2048398087643374,0.15819334031315008,-0.2922893625696348
0.25152360693307596,0.3944505665503745,-0.11520607557865521
-0.19025952737114876,0.11216054594074644,-0.21286205672839384
0.025129267863004737,0.40037471249142453,-0.4682534276004425
-0.15185289164475535,0.40306869414678104,0.017539618357075272
0.36810753641385774,0.7217338860191895,0.16979647682505236
-0.5710157162426205,0.8380435704304088,0.29958432817109326
-1.2119549869596755,0.2899569448794579,-0.1582951796932342
-2.414052329347762,-0.3710034321802104,-0.9071847046200449
-1.6069094555985088,-0.13264346499577132,-0.23861924992598293
-2.0382030320758635,-0.38027154226091486,-0.4563630012341379
-1.508833979651365,-0.2477464831834269,-0.6955264633598494
-3.1707321959139496,-0.8300178348316023,-0.7795033705572716
-2.964600734662636,-1.2486822640929807,-0.822870264856828
0.31869070479297174,0.3450606016984283,0.30090000853565113
-1.8375524096886175,-0.6943149495051539,-0.36612992868220656
-0.07868237075788757,-0.02898607760880302,0.29524498134924665
-1.2563454031410783,-0.26837519176321684,-0.05951783046384978
-0.8131371398787041,-0.11007222814724561,-0.41363004114661
-0.7012122304713505,0.1120291210773281,-0.018779057738745605
0.9845746415244568,0.4680500740572289,0.12429792357551443
-1.8610020691271816,-0.6522541470451759,-0.7355115967424019
-0.31201397765255856,0.26860126962377223,0.35296607956811793
-1.0040926811734001,-0.36382545971125646,-0.5905539475679477
-1.5590083563924737,-1.0998510338887861,-1.275426559448008
0.5384564090865778,0.17585165439355185,0.08052887968017698
1.1093582265451583,-0.37544868536393355,-0.12540854165391924
-0.6716351479026793,-0.7803269692571188,-0.7995590584802208
1.0163407012744141,-0.027464307250242095,0.7341356510320188
0.40620304948435126,-0.45016711961929395,0.02048322090195516
-0.5612331108369457,-0.20860484066038204,-0.4795983805075443
-0.6465127455937205,0.33354346474603874,0.43379961465537387
-0.27730874741343886,0.40020206707679923,0.3184600867792238
-0.9681239516129299,0.08787239637492657,-0.06397832486503273
-0.013565286814079227,0.3819482346452755,0.4457109138757777
-0.8290392474509981,0.17560920807747338,-0.01362289880140969
1.266782975615868,1.5409536995360373,0.8545348503783644
-0.0031574558683926893,-0.024015781846221364,-0.40116698378808696
0.5498518243286752,0.557950209931536,0.25005537010839574
1.2224406739704705,0.2536420448831159,0.5948256275053293
1.2089522348895703,0.5128734226519465,0.5352748710805592
1.2424450443107418,1.746331948545179,1.254854953251474
-0.08558336306342873,0.262018052027879,0.4609478717164617
1.2443129764141174,1.640928990729872,1.3800305895444829
1.2605901654682126,1.2903113385732834,0.7142261881744915
-1.064300335218536,0.3051869212677605,-0.37694397784660477
1.0376671354626343,1.0936110267534034,0.7250883263187506
0.7877452816334256,0.8997367628922336,0.6778995712467897
0.2512317169513905,0.6575513863084724,-0.09176286476600905
0.18765685343443358,0.4932254573487955,0.3629989135512819
-0.4766372873097981,-2.1768943581677593,-0.959662026750015
-1.8136013346657753,-3.2345497572917723,-1.2562758199223607
-0.7120516070296318,-2.2943295492231193,-0.7850943911031814
-0.5384275483338228,-1.5252623580591542,-0.4879548116508145
0.6294910511815639,1.0545158626274358,0.2522710193369012
-0.06975445681588067,0.3746622441174026,-0.6162725347211141
0.30815560748651677,0.8112537503004151,0.09720523758034086
0.6994690663328086,1.3446623672519102,0.6728074666254392
0.9917687114357284,0.4217904003042201,-0.18368947918710105
0.20366660369954603,1.40749802518935,0.6826629588774904
0.3670031509775942,0.8448278112580454,0.4260044550440854
-0.9290266322323997,0.5330468945319103,-0.22561771295707642
-0.2156398177192416,0.9608631235802108,0.39306740818810726
-1.1219558350374217,0.1570426327517767,-0.1895757278665238
0.2749334803702912,0.16503532858852024,0.1583048609196832
0.9730512793079172,0.17030790477412086,0.04876147540874209
-1.3832058581688649,-0.10804099851873561,-0.2614328538659351
0.8610288134437957,0.6189289807374587,0.6101892866802384
-0.5511671795448669,-0.11405415259296336,-0.14335738209655832
0.045794156067634775,-1.7410728923786143,-1.0654680577886495
1.1077970575945923,0.8028171065572045,1.0585939748781383
1.6648935770597397,1.8984963278298725,2.2552520383158203
1.0358935092955526,1.00248605441812,1.6766564444704102
1.6160336512055735,1.785010587545245,2.186036112842181
0.8794535752702605,0.8348287927333098,0.4448168822881748
0.8182535296149662,0.9134147415112494,1.3995780981676806
1.1621247329120399,1.5878439347709257,1.558083428944704
0.45078762371118386,-0.38362790868511526,-0.4825449657580274
0.7925623594162842,1.5346303191786281,0.9838468066695242
1.3256618564293559,1.551109749142203,1.3041830643888395
1.0350046219088636,0.9706066038636628,0.2254106451341421
0.9247237122756328,1.5483032880565168,1.286203378053741
0.5338355294051456,-0.355992289628858,0.003789090340670603
0.9502475240948287,1.4643212860108843,1.122006041912787
-1.5359419777490773,0.03694803260204432,-0.994719932884033
0.5813526448963432,0.8901565869998188,0.6533909787303535
-2.2058944834198235,-0.409180530542743,-0.6947682492683043
0.5447046187380988,1.238480725473379,1.1981739035618182
0.1881458184113223,1.043900150763387,0.2511228391857557
-0.7943860495046425,-1.208751739859353,-0.9427422000362161
1.0658000328272579,1.568296689816364,0.801364086355481
0.7044367130865554,1.1806766456423738,0.4670022033857801
1.5173812058020903,1.2411336876212153,0.6997091347860066
0.2720011557941847,1.1015767874398623,0.4406016134357099
0.323233535340171,-0.15940718328884815,-0.986076681498984
0.7870873165602993,-0.2520287360853333,-0.2872835046228945
0.43985825765545855,0.1954416543870593,-0.4762317972635522
0.5040071215936173,0.32577360383084314,-0.44648831299152614
-1.7912269828510299,-0.21572144200155924,-0.6184299371880592
-0.9202741869432501,0.03246215084397027,-0.9056713618105037
-1.5781433001732816,-0.2242906402792146,-0.4558175306877134
0.5569143695744064,0.699224099107322,0.07619172985497287
-2.061078308080014,-1.2158619587018815,-1.3750833289448532
-0.8905201309066435,-0.6573002563406014,-0.8985384932064534
-0.2756425749808771,-0.44569312210793005,-0.9408616244359999
-0.8255669258483822,-0.8377159274969188,-0.6533506828621857
0.36720320305112064,0.07755569378715473,-0.8923872383252106
-0.11063463488559927,0.45526711912458556,-0.11339703523049048
0.05276102395054189,-0.6017336325660246,-0.9590349773790336
-0.16195896687681013,0.058398901336910974,-0.2906995171759423
0.03079342065851782,0.1701729534035276,-0.1310117092432133
-1.0826317263866843,0.39171217234151934,-0.49380493229004524
0.1824975345114958,1.1623632329939815,0.6340744300106171
-1.5759261598354863,0.3886378592764214,-0.23683331250685938
-0.3963025750196629,-1.600664136276727,-1.2562840887646471
0.24147320803279895,-1.1656143036478788,-0.48642732688189144
1.102679529254093,0.3145671706868125,0.7817865103401282
1.159294195023097,0.2070286368098198,0.6826618916024184
0.021994790738363926,0.26423159458657525,-0.735937274913928
-1.8078824492052024,-2.5077623137479015,-2.9584729427088443
-0.0453798040655561,0.26467878666577355,0.0613703005460613
-1.308371902149783,-1.7132362898176,-1.7876299918638792
-0.07883899336964621,-0.1342923466793413,-1.318344325006413
0.4720080994615802,0.6546689478709942,0.03480440591326855
0.8060258198299218,0.6164055248007962,0.6381420811119637
1.1964971332253131,0.38660287336460303,0.06975100640022604
0.0767741912675269,0.6674902869497618,0.08550113898521754
0.7369873468929397,0.9992447246664463,1.0696334685940636
1.0579128904588995,0.0708868751349737,0.06880588562377303
0.3773442235130929,0.9219393001450185,0.49581211092830535
1.020048167670442,-0.11757625301173186,-0.08362794958363434
1.4743002017355158,1.2646537366000266,0.8923508782045488
-0.029161421020887885,0.8052057178996775,0.1164154641558486
0.18034303294732323,0.811005989076986,0.4001443523195159
1.1615526466363113,0.4029703221003531,-0.005648037919039251
0.6754866941791102,1.292180516093174,1.360414521337862
1.2063967328941243,1.5959624760044273,1.1442376852693876
-0.2733520918931192,0.9371656484291478,0.5259631678782487
0.02585768531833951,1.0295747930121097,0.18676479812469868
0.9061150487204251,0.7480269259402047,0.4355158336863202
-0.09334741133890302,0.8104606552200813,-0.015695059405390833
0.8590661923409767,0.7465105152997242,0.0691802362853528
0.8251700973066995,1.0573453841301859,0.635444266225266
0.21950935078251815,1.0221087613722766,0.47070200777264903
