6.506956259044027746e+00,-1.676589841645564460e+00,4.548647515552236564e-01
5.825220892856440180e+00,-1.582004206091419007e+00,7.780413422103119592e-01
7.150123699244215203e+00,-6.121207113524930188e-01,2.141348929628184905e+00
5.112682685433974861e+00,-2.019832323991752610e+00,-6.817901486956572388e-01
7.171718782093567057e+00,-3.416497981943773521e-01,8.538860183106801172e-01
6.767105248829138553e+00,-2.971678357814269145e-01,1.016321416543891409e+00
6.807690194425433994e+00,-5.879730436940585614e-01,6.804890252143844798e-01
6.458782528292673852e+00,-8.854161103122355492e-01,5.710209345279401161e-01
7.120863135655572052e+00,-7.780103908071174246e-01,7.674941920008232499e-01
7.184848636554137968e+00,-6.812324467470655120e-01,1.114335939347818050e+00
6.328338954703462527e+00,-1.132691792957246091e-01,4.349776419724040166e-01
6.867634374891077975e+00,-1.340782956938411319e+00,7.912589958725884109e-01
4.465164950016241363e+00,-1.470364613129671483e+00,-1.068976057849594374e+00
7.147572179425400130e+00,-1.429709127032331217e+00,1.081129595103015983e+00
4.888043986125629736e+00,-1.841760328993370610e+00,-4.858912450361559388e-01
5.304446773863368492e+00,-1.392139853596923604e+00,-3.780967160271594962e-01
4.706900437133894499e+00,-1.905401743100683554e+00,-1.954299397147684081e-01
5.086731498919452754e+00,-6.687158873629532874e-01,-3.194214836129297685e-01
5.521113545900590225e+00,-1.184487959786093114e+00,2.351576132783063933e-01
5.820004302509710570e+00,-6.727781617440258266e-01,1.280182514219405272e-02
6.922498302602298814e+00,1.481555372318403008e-01,3.162926798894010738e-01
4.891817673051132687e+00,-2.837040132485339414e-02,-1.792543543535566469e-02
5.279054125214533322e+00,-1.422941189971697051e+00,-2.297760173153693686e-01
4.450463811609610687e+00,-3.644945218012989319e-01,-5.445586074173457830e-02
5.847907108884351501e+00,-1.041504155973270951e+00,-7.673639974933265523e-03
6.478094339474443686e+00,-5.312984495530651552e-01,1.648684353349925413e-01
5.689055833166520415e+00,-1.299450662250345667e+00,-3.928572495880904014e-02
4.935449422659800689e+00,-1.275267061945506208e+00,-3.996004623799118138e-01
5.709320166496776316e+00,-5.033554378147738761e-01,1.178751708600324355e-01
4.573597849590170128e+00,-2.006056607180291274e-01,1.247624497155865320e-01
4.620552729589839203e+00,-1.430181045868522238e+00,-7.336026232822271398e-01
6.497285001750241484e+00,-8.512761768024650344e-01,-2.527552680916173578e-01
7.571420903699753069e+00,-6.846087495694438418e-01,-2.034725263814420870e-01
7.042705973472622283e+00,-1.157664224924632584e-01,9.764722444083270836e-02
7.233950577065718868e+00,-3.619010079642737132e-01,1.183860137371647969e+00
7.617564925937387876e+00,5.886290658032377471e-02,3.321114031407886191e+00
7.459389737874082549e+00,3.224308988943376808e-01,2.978699888689336106e+00
7.345829635326119877e+00,-2.937457012002149814e-01,2.967668450370978039e+00
6.231661012171954006e+00,-5.970818010950226240e-01,1.827605488478430074e+00
7.310700300490060144e+00,-1.972824285891454366e-01,2.310928659197409640e+00
7.404650529854835739e+00,1.420258593413068274e-02,2.839253466004396209e+00
6.811460798046486076e+00,-4.629784395519519480e-01,1.539022321202863752e+00
7.868722626953941202e+00,9.092353219287239163e-01,2.917338498255794388e+00
7.546403537004309214e+00,5.390304197100266315e-01,3.052531737242338394e+00
7.296198950073894629e+00,-1.361766022097106732e-01,1.227129890355482367e+00
7.094252222162507948e+00,-8.666437848569612939e-03,1.216322664254200214e+00
7.532114180633931788e+00,-9.983091788549105505e-01,1.146821214388744625e+00
6.931108754691546636e+00,-5.585766368358567879e-01,1.760572532634065324e+00
6.401588674770464671e+00,-1.596805464771713590e+00,-1.588439920945068917e-01
6.985289228772101566e+00,-1.177619329666758974e+00,1.244602697643793388e+00
6.903302401145823275e+00,-1.131587132793328676e+00,1.292691080152966299e+00
7.037441066603685513e+00,-9.801490215778082549e-01,1.475258459810563361e+00
5.715789009705886770e+00,-2.113177124194256518e+00,-1.785328307893604638e+00
6.822380443227271662e+00,-1.702549349486730257e-02,1.612615338863275793e+00
6.522212304327525523e+00,-1.256747916300064549e+00,3.522983878436545258e-01
7.427122077756022733e+00,6.699704159734916169e-03,1.478966722213576945e+00
6.288752857586112022e+00,-4.129054048096416074e-01,4.233356090706656971e-01
7.121724172766442429e+00,1.255216865746984878e+00,2.553889247921682593e+00
7.156358522853399684e+00,3.586659605178640908e-01,1.473230083419199810e+00
7.274896133786021402e+00,3.983786506913049030e-01,1.043032423252601593e+00
7.192006039386027894e+00,6.162681654201621617e-01,1.409684744675531842e+00
5.056134937219704639e+00,-8.818860205854947010e-01,-7.424154639394799915e-01
7.450918612222253046e+00,9.131585716816655041e-02,4.857013507603861191e-01
4.786693939069680326e+00,-8.456863426345831991e-01,-5.215183898118510575e-01
7.114341487498665018e+00,6.497802138151677342e-02,1.268984234356027030e-01
4.184635650739099155e+00,-1.109786072392060285e+00,-9.590445009696946244e-01
6.136721479812714541e+00,5.209834629765164316e-01,-1.361197723644403945e-01
3.572663103664436512e+00,-1.955837859120073796e+00,-1.879339124470680966e+00
6.751221928920095650e+00,6.604069876412614892e-01,-1.791758964365590678e-01
4.929531522320115045e+00,-8.558240144491602308e-01,-8.172927713896229740e-01
6.616351662958804170e+00,-4.067409363821813950e-01,-3.636843971833302880e-01
5.716644040845562991e+00,-1.019049089919618734e+00,-5.608307923934170436e-01
6.828194127972775362e+00,6.180338057113086148e-01,-2.338728451714284021e-02
7.057156757742632180e+00,-1.267680815752246115e+00,-1.264325431151831047e+00
6.633872196542495381e+00,3.833545238933663835e-01,-3.685962888501421730e-01
6.774829365600489872e+00,1.195657020320290698e-01,1.051632189274939559e-02
6.185646468697471256e+00,-9.085730189311237437e-01,-7.599072126434488483e-01
4.634573729670232289e+00,-1.647839014702293881e+00,-1.574454491809613277e+00
6.580737126536037707e+00,-7.782595236942225769e-01,-7.324380985524008292e-01
6.630052251716355372e+00,-6.557537468621980059e-01,-6.660057171482740568e-01
5.140518190028503298e+00,-8.165391403039886642e-01,-7.900434747010893766e-01
6.378355891637009556e+00,-3.139847981587418069e-02,-5.396633526987193452e-01
5.560198217391404185e+00,-1.676338833059565880e+00,-1.769726020734301297e+00
6.992145992739450477e+00,-2.124127531171736694e-01,-3.038782663137745699e-01
6.138305768344094915e+00,-1.243982442026255741e+00,-8.573592416173176911e-01
6.868002205035527830e+00,-1.170726950639337849e+00,-9.176649168646200394e-01
6.345717041458073027e+00,-7.143056017252774614e-01,-8.351530956729863453e-01
6.205885241994208990e+00,-6.395503503070869566e-01,-8.217091578607689240e-01
6.999784665719108290e+00,-4.421392653100379433e-01,-5.288616750357308938e-01
4.324194537989474618e+00,-1.349311971587741743e+00,-1.380985315681076964e+00
4.736644772117459823e+00,-1.916846767362535120e+00,-1.552073556473073657e+00
6.445346275156611959e+00,-8.621367725421644757e-01,-6.772610580009407188e-01
6.593840381926225014e+00,-1.902829220302702184e+00,-1.249919856637762283e+00
6.461268577188422846e+00,-6.132338327160331559e-01,-3.599306878373064733e-01
6.295798525527620981e+00,-3.481280539611660840e-01,-4.251340354033126823e-01
5.784067743951458063e+00,-1.566983819861910376e+00,-1.314573932397929745e+00
6.054816536230983814e+00,-3.776734021139326880e-01,-7.866702002209589040e-01
6.639827651421246202e+00,-1.561798280500244607e+00,-1.308006295084875203e+00
4.613144036078364429e+00,-1.364360420976569399e+00,-1.106650140060079224e+00
5.851529943298634961e+00,-6.213195072934777352e-01,-5.063671263085267604e-01
5.570103806093295695e+00,-1.263247411620519900e+00,-7.741329484273545836e-01
4.286012907153123663e+00,-1.584011413929343082e+00,-1.254227676130731828e+00
5.989399843109705301e+00,-1.430673436961944045e+00,-1.278148204617195693e+00
6.587456503544604658e+00,-1.190733664680380999e+00,-1.252697705857478194e+00
5.978024719586495728e+00,-1.687382297146892807e+00,-1.630854485252012376e+00
5.089041436807489660e+00,-1.459354798606578463e+00,-1.193812712645463403e+00
6.233906011682116777e+00,-1.589352305964767176e+00,-1.395248212375173047e+00
5.940492857584285247e+00,-1.107559563315376971e+00,-7.258397101336439006e-01
5.383093311209373510e+00,-1.816970441136667724e-01,-1.095392973203414000e+00
6.245865113197073271e+00,3.311366626623584719e-01,-8.997417929609939635e-02
4.517030564740716514e+00,-4.371044578317356266e-01,-1.444604065086074085e+00
6.107542874776052955e+00,-1.735903551989497751e-01,-3.626873172917478017e-01
6.684198965075889731e+00,-5.234185577017087115e-02,3.773826260117003617e-01
4.108124919143719467e+00,-9.591608660432386912e-01,-1.376014328174426815e+00
6.094339872414584747e+00,-1.826535553945562995e-01,-3.371271051428665899e-01
6.220148540596090569e+00,-1.744408667317468298e-01,2.415663611415369907e-02
7.176539255390769867e+00,-7.227855250441196366e-01,-2.893014523548951278e-01
5.032152859649211329e+00,-8.649321685547850525e-01,-1.095011303263962121e+00
6.756181591727814961e+00,-1.009901846441969120e+00,-6.842857046226302753e-01
7.593068241420057873e+00,9.406195160361557894e-01,1.028350677670051283e+00
7.554864486830873638e+00,-3.739696436333352358e-01,-3.561262452985314853e-01
7.167023973564582207e+00,1.193290302417521653e+00,8.772572995240369709e-01
6.883287537446726390e+00,1.903293595094057711e+00,1.467206147345635259e+00
7.113453534289284619e+00,2.010630081417109416e+00,1.554560911492693931e+00
6.984406459709075143e+00,5.551061430633051907e-01,7.435895892156536569e-01
7.219073940482017449e+00,-1.030854677068928194e+00,-2.833102466268099251e-01
6.827721004149760020e+00,1.630952538647405081e+00,7.848326482885713551e-01
5.682483101982526819e+00,6.226713745495602303e-01,-4.426194422864346278e-01
7.307796651242965069e+00,1.663415646445344453e+00,1.336128698340692367e+00
5.028723324629494229e+00,-1.307634644788191192e-01,-1.819848187588261501e+00
7.288633081697096117e+00,1.616728242386322734e+00,1.642408898265933281e+00
5.483245130826665203e+00,1.184780109437571616e+00,4.356302386362585766e-02
7.247770676638927156e+00,-5.854307365935349505e-01,6.253130196467893143e-03
6.169325502908226788e+00,3.137262097585075127e-01,-2.243889950984451209e-01
6.090761930106703304e+00,9.850085042963359072e-01,5.177479451991510162e-01
6.245774872214614248e+00,2.432712728996721530e-01,4.904422663674219973e-01
5.275273651669770025e+00,6.315388612289966064e-01,-3.367455054934508779e-02
4.686470584748807511e+00,4.875811817964410128e-02,-7.506030791071417463e-01
7.421071666239788200e+00,1.598018055401073667e+00,2.003769643298326297e+00
7.053168872362335584e+00,3.431699725502374010e-01,1.038262398778975637e+00
7.607433162937682347e+00,1.138235728139375347e+00,1.317551268102167050e+00
6.499695572126721999e+00,1.071831786980027568e+00,4.880714708186330575e-01
7.392506891746861264e+00,1.336498387089459561e+00,1.980576657518363426e+00
7.704990171654814368e+00,-4.238947869114555456e-01,3.015996642254423765e-01
7.150227452220687674e+00,-1.446566076662329392e+00,-2.690063830081337315e-01
7.625336004424419833e+00,5.642341744476061516e-01,4.447606366951102341e-01
6.484347010946781786e+00,1.250423318916467075e+00,4.809667288761776405e-01
6.610187786326013004e+00,-1.809717895234749518e-01,6.740474522853766304e-02
6.921797666286265915e+00,-4.160466041896691142e-02,5.433268879938780715e-01
6.837964695342900079e+00,-1.898578648158774362e-01,6.944524356404894183e-01
7.221554998536793057e+00,7.732092973460626961e-01,1.665967317033449913e+00
6.220580652132556843e+00,-2.805561105538785793e-01,-7.967892738552836973e-02
6.961296169869649830e+00,-7.412354782934088560e-02,7.127863138147283451e-01
6.993508436307491749e+00,2.445533824220836594e-01,8.011584528515467429e-01
6.365722326676682030e+00,1.895842090693335147e-01,6.110059425632716756e-01
6.802175365145776809e+00,4.458935548165585683e-01,8.738405954121237773e-01
6.850063669183152015e+00,6.843228573405160109e-01,6.053474233129542137e-01
6.433777386167829349e+00,1.106620447214685887e+00,8.761724385321488784e-01
4.817810689771676813e+00,6.572293120139967026e-01,3.117005573946593500e-01
6.115932446643094877e+00,3.011703378034350509e-01,4.515722527798440855e-02
7.002685403177885348e+00,4.764085244117569062e-01,3.902247030307467446e-01
3.274415317119244495e+00,-4.038986950734187453e-01,-9.497707572712505986e-01
6.221627678487426927e+00,3.220875864102817898e-01,4.623659640522397307e-01
7.153800334175862474e+00,4.392621984244422517e-01,4.180663725226277938e-01
7.712499307225758827e+00,-9.176712251764505002e-01,-4.557196648708428666e-01
5.684257819391245192e+00,-3.250106147107413301e-01,1.334167359120699003e-01
7.409842625338743716e+00,-5.926491683545802303e-03,3.387773048492914163e-01
7.221302745193961314e+00,-3.242808337978157485e-01,-1.143050345731237011e-01
7.213342440439013181e+00,-2.474770893194254417e-01,8.773875755152088507e-02
4.748365877768789822e+00,-6.172530599438480481e-01,-3.660974371243709280e-01
6.935188537637362316e+00,-1.375288979559090852e-01,1.605513816544215377e-01
7.031758333682241791e+00,-2.035039640035904984e-01,-1.651440383044787963e-01
7.191924259215670467e+00,-5.451629288985656574e-01,-6.173868147052696820e-01
5.665239330409051810e+00,-4.675421962251045116e-01,-9.993089354692204218e-02
6.529596953974597717e+00,-2.246322274102326155e-01,-4.470783861849216279e-01
5.394445930989918203e+00,-4.547451447237246258e-01,-3.500738639038616373e-01
4.549479022286353036e+00,-5.028066503599539772e-01,-2.719211805546902228e-01
5.273310286231531308e+00,-6.941948662079708843e-01,-1.335681550003091411e+00
3.542801121790857710e+00,-1.317886567129583186e+00,-1.383350753923941800e+00
3.352499220574429728e+00,-1.077186426666064900e+00,-9.383325990527752181e-01
5.898331107319068956e+00,-2.839171932224889283e-01,-3.784689090347742035e-01
5.975326273488816398e+00,8.780561072331232175e-01,4.019918733758412466e-01
5.709486408577626904e+00,8.833414402742916227e-01,3.955962660779398510e-01
5.565328855384557905e+00,1.425777435581344899e-01,-9.202082282913739975e-02
4.561011962615575399e+00,-4.244882313637172166e-01,-4.196994850954974265e-01
6.129415755117272546e+00,-7.502710209377285583e-03,-8.447819889789513759e-02
6.327033977817935195e+00,1.962643640476890439e-01,1.623195447374999323e-01
5.864327936414998277e+00,-4.753419612567923169e-02,-1.389138831849142178e-02
6.703072831479257587e+00,-3.623640336241965576e-01,-1.706860567916801130e-01
6.568754656053708452e+00,1.363157807411214395e-01,-2.371648098950445427e-01
6.227329615608386604e+00,-1.321967105526034691e+00,-4.792858673732007246e-01
6.195943582082147572e+00,-2.905755086962865108e-01,-3.681369268163945940e-01
6.077527809530208991e+00,-4.040441692647632754e-01,-1.348493844012836444e-02
5.656592428558206542e+00,-7.620433142894570411e-01,-6.911465429374135105e-01
6.214210845669247973e+00,1.541385763955841967e-02,-5.624032964472432949e-01
3.729058315678996482e+00,-1.528701880795693802e+00,-1.505204592663919039e+00
5.815625712455387841e+00,-6.978138685542014663e-01,-5.348312691693909438e-01
5.961986340680289764e+00,-4.571746337773980873e-01,-9.740557637538849178e-01
5.534279006559339464e+00,-5.911357788609389319e-01,-9.628307653326946269e-01
5.761499742418317638e+00,-5.178816320409713736e-01,-6.273461625969402045e-01
5.467495123320591510e+00,-9.403874190646119846e-01,-1.388530994194733026e+00
6.627741355247524169e+00,4.231196219679720510e-02,-1.294311429369512656e-01
6.944628820012205495e+00,-3.010804097005155555e-02,2.139792644914448594e-01
5.347057230627067170e+00,-2.485651636408396370e-01,-8.020014839438271981e-01
6.751052297963025417e+00,-6.829374489892794386e-01,-4.145777322474755167e-01
6.643267579466133554e+00,-3.746138714470650388e-01,-2.756698904534289896e-01
6.599263738000385793e+00,-6.397909539275770108e-01,-9.134891232829067675e-02
5.364203920210510290e+00,-7.186726390992546065e-01,-9.508546686992743746e-01
4.861226879357221087e+00,-9.700621702410154590e-02,-1.102715707321596961e+00
6.218324648748829730e+00,4.509391694653064886e-01,3.733520519979507263e-02
7.437799874431958003e+00,2.955386767796799180e-02,-2.119339688622478290e-01
6.073391809268416708e+00,1.692322420485070866e+00,7.214001912317955512e-01
7.169065679029114513e+00,7.037612666921402305e-01,4.427159873084912101e-01
6.609655891079493806e+00,1.508737527250786137e+00,6.687773206932496883e-01
5.974325707243025363e+00,6.299439521730751945e-01,6.661125290809359611e-02
5.113813603025216814e+00,9.094202933432851133e-01,1.688876186551633296e-01
4.160155210804122206e+00,3.905629014078520339e-02,-6.512921573372836281e-01
7.625319654264677283e+00,1.592216663057302251e+00,9.616721886554053800e-01
7.896409824879347283e+00,4.938226685479516487e-01,5.398360442900332901e-01
6.992324857470476829e+00,1.503154163936130105e+00,9.327051014119962513e-01
6.828134539252866730e+00,2.006835295466073088e+00,1.159336381111409020e+00
7.143481631260298670e+00,1.994068172709946296e+00,1.491503616265558829e+00
6.217425124338957332e+00,1.567584256606404436e+00,2.839237579496414754e-01
5.818430294139242953e+00,1.145291703830906282e+00,-2.067638449443696402e-01
6.174029886320569815e+00,1.239142276299491030e+00,5.408625767837870191e-01
5.175174460523662034e+00,1.484244620991997110e-01,-6.696372459049020343e-01
6.609190711372429305e+00,-1.128918933636068767e+00,-1.608103595859695645e+00
7.087540147481068864e+00,-2.274278295445127801e-02,-6.460402969289593678e-01
7.606489184942998527e+00,1.859905895966143863e+00,1.085307068911200989e+00
6.809691397931545431e+00,-4.615259433340598294e-01,-4.605170032533006941e-01
7.331023789633530185e+00,1.808441158867752474e+00,1.073974731260953108e+00
7.231299887500230561e+00,9.265576845843435105e-01,1.259510998460471320e+00
7.846196475193910835e+00,1.310524561738114491e-01,7.381320596047669103e-01
8.125527892670344698e+00,4.949627559423298018e-01,6.372442062382124295e-01
7.694071468613103093e+00,1.565514434698952018e+00,1.463280873531328297e+00
6.470237665537200478e+00,1.129478495588188025e+00,7.414641385560964970e-01
6.644645469071011945e+00,5.833473255985215378e-01,9.270142346002438472e-02
6.291402452890255681e+00,-5.359766272549078975e-02,-8.989900279701873442e-01
6.449761364314333001e+00,4.662266624371355084e-01,-9.724274952446090303e-01
6.762144440511054455e+00,4.949256679057177366e-01,-2.390910387843451224e-01
7.078102974159859784e+00,4.167978566463300671e-01,-4.302904796092242301e-01
6.671429916527687354e+00,5.041959941611168228e-01,-5.763953377282500234e-01
7.107384259706173602e+00,2.277392606853399226e-01,-1.823439309292642918e-01
6.403521602413328573e+00,1.117688951832934929e+00,6.844175329503133787e-01
6.197301298384015666e+00,1.441179956158719522e+00,7.660804830025089718e-01
6.423427586957433988e+00,7.803161462898051681e-01,2.527767455029605315e-01
6.843470291869722999e+00,5.618310609503902597e-01,-5.770088620085157133e-02
6.373624879966232726e+00,2.353939617601163645e-02,-9.536569489862158078e-02
6.435790995584712348e+00,-1.475105888305384416e-01,-2.829881995486829838e-01
5.600126454755806726e+00,-8.001070510734523689e-01,-8.945936007988194438e-01
5.010008227931360913e+00,7.690432107747717794e-01,1.635791563605312748e-01
3.990919821756834462e+00,-7.882517389953185016e-02,-4.885215769649281503e-01
5.529925783903035352e+00,-6.743725881536181133e-01,-3.531767573780137393e-01
5.987154482526395149e+00,7.654571549083141191e-01,4.825235408603816833e-01
6.045681449345154057e+00,5.039580069331882628e-01,2.641675127987070382e-01
6.056675931056261675e+00,5.135904683815445404e-01,2.727330971811578464e-01
6.144348789699597191e+00,2.292221386347718659e-01,2.481228304035967558e-01
5.899665893896698599e+00,5.669123152378955366e-01,1.622205584192927819e-01
5.993723503640192796e+00,7.918455102022274872e-01,8.600299598806860901e-01
7.316065869623835205e+00,2.800616499650599930e-02,-7.453233442047334512e-01
7.522678486088025807e+00,1.044530852013971556e+00,3.818499602438036877e-01
8.011717165531626605e+00,8.716489857961701171e-01,1.418352211009848096e+00
7.194996863651068608e+00,5.256560993421144357e-01,1.019033691555009113e+00
7.836915872381617021e+00,1.106367492657649887e+00,1.531008186086999290e+00
7.535985345649081069e+00,1.696639317534407221e+00,1.562497908350807485e+00
7.062348692986627263e+00,2.427521539967743447e+00,1.234790525902823122e+00
6.936590707491605556e+00,1.067187211021438209e+00,1.020969452922649623e+00
7.071160703329488761e+00,-1.122562641239782388e-01,2.156731006553905816e-01
5.554572642120784387e+00,-8.319828510321425341e-01,-1.563332718740849114e-01
6.813779769104177930e+00,1.212992486440224615e+00,8.137277842653127813e-01
7.077862432952164440e+00,1.377457811048915737e+00,7.361534197601179441e-01
6.566078783216653392e+00,1.782901311874632577e-01,9.056697517664023811e-02
6.969267028297909228e+00,8.114421684084981157e-02,-1.629385613992306636e+00
6.745431826357250138e+00,1.547719984825592088e-01,7.978169145045630462e-01
7.203843362383509863e+00,3.054158848777717150e-01,-1.315316378384422613e+00
7.068138339341943244e+00,2.798315755888569623e-01,4.988000119106528185e-01
6.758276067428166556e+00,3.555584012273705491e-02,-1.269980868885905556e+00
6.961286979732079772e+00,7.092352730564801533e-01,-7.122604681132414794e-02
7.178814645469821620e+00,-4.733348647226346961e-01,2.170830602987212921e-02
7.101242929746774735e+00,-6.936733979578236786e-01,-5.472435357700443648e-01
7.070404444860939108e+00,1.592131951373606302e+00,1.022184894097924124e+00
6.577607275764068007e+00,-2.732710710413615018e-01,-3.108660626779728986e-01
6.821412667972555077e+00,1.389415450552859088e+00,8.176539812030104715e-01
6.294216075383660680e+00,6.556681261241316117e-01,6.049739856758279410e-01
4.576150339786773102e+00,-4.740475458445716495e-01,-4.660177564348833568e-01
7.011960005056994127e+00,1.002868068536296953e+00,1.532400157881732339e+00
4.982721929619871482e+00,-2.379960210652696528e-01,-9.127365657312617661e-03
5.115278338552619708e+00,-2.365822361421237030e-01,-1.417147303983516404e-01
6.967076357786568863e+00,-7.252471764416527078e-01,-2.026173508820804603e+00
6.563522636847861413e+00,-4.391682460904420826e-01,-1.294194595315006469e+00
7.140141467923065477e+00,-2.590389856274821212e-01,-1.105767882769048249e+00
6.279596863718047040e+00,-6.343562246332085097e-01,-1.512410767155221158e+00
6.737657102714025292e+00,-7.315808340641045682e-01,-1.345724852280643313e+00
5.877789620660970549e+00,-1.249580202882901947e+00,-3.518912246702317947e+00
7.051401545570384677e+00,-1.639140593629032638e-01,-4.605908995602970291e-01
6.440648520316101688e+00,-3.907664938201976801e-01,-1.581690125015160042e+00
5.930375885046290207e+00,-8.807525332345216285e-01,-1.827510370153920816e+00
7.209653249076018788e+00,1.236931080125502624e-01,1.807077618109661707e-02
6.145870573169428752e+00,-2.605636520426576341e-01,-6.223773694458063499e-01
4.704897417381510571e+00,-2.831659979522712867e+00,-3.621746390686321870e+00
6.283876886799953709e+00,-9.926848674904458214e-01,-1.240572920166147286e+00
5.899056823136613836e+00,-5.967835773439352787e-01,-5.117104959945133480e-01
7.107969631438933789e+00,2.704844927384509323e-01,4.449135281167223011e-01
6.054990677515386110e+00,1.649252960476439711e-01,-4.817291988574728956e-01
6.077615685830509484e+00,5.136910825163081284e-01,-6.915282503738437447e-02
5.862570146775349045e+00,1.890673743597815759e-01,5.436017600689756479e-01
4.859230668720893043e+00,-3.587465860717155008e-01,-1.255396137396528888e-01
5.882806893445808427e+00,4.091115970114933553e-01,3.782498737369211494e-01
6.692364336570425287e+00,6.941141444431223606e-01,5.157137665941388116e-01
6.251499995897302320e+00,-1.093169399758008725e-01,6.110531190001428081e-01
7.159388689646038806e+00,2.058919256157704658e-01,5.297023069856111599e-01
7.146216068626515039e+00,-5.548550745454021438e-02,-1.326303108480986481e-01
6.835210749680156184e+00,-2.949845224182953141e-01,-9.273056884984326453e-02
7.363986977174262982e+00,-3.882672668113792969e-01,3.126180890401034640e-01
7.179360610775462170e+00,-1.088774310369021031e-01,2.612552548549221254e-01
6.647185847088653787e+00,4.961306094129588895e-02,-2.502107638187356375e-02
5.764376501438590594e+00,-5.134333554481402828e-01,-4.527222435750829499e-01
6.378050261911287322e+00,7.385766453806191789e-01,7.615503202389629633e-01
6.686274692109298812e+00,5.416470067941839828e-01,7.300359988484662610e-01
6.305151059393926616e+00,4.155433136379624859e-01,1.183822088225890690e-01
6.440406237410197576e+00,2.162721635868903591e-01,3.405527569891806383e-01
4.843763535206300652e+00,5.439469027280108282e-01,-2.130752745092447664e-01
7.121183003956661040e+00,-6.148687875792979707e-01,-1.093991068322692217e-01
7.013274432497418331e+00,-1.092291951805083108e-02,4.019944644635519149e-01
7.480670811706261247e+00,5.932207459288640905e-01,6.460945514221537733e-01
7.139170076037593127e+00,5.912900009018806635e-02,2.908893065104303788e-01
5.531519325014710553e+00,5.914537725867592410e-01,7.977081698781429697e-02
5.625742793546695708e+00,3.758818372927266172e-01,3.617754226396359494e-03
6.324322965585384537e+00,5.571198419711853589e-01,5.741027379973562272e-01
6.904725364988604674e+00,4.419640913946793481e-01,5.701996881601713030e-01
6.759784985295386406e+00,6.296481096872362793e-01,8.764191182184052353e-01
5.324877953515285256e+00,-8.698119717795321781e-01,-1.087561863711859811e+00
5.414178520542606954e+00,-1.200768390488774040e+00,-1.125221113335159506e+00
6.435304036367827329e+00,8.323327078401056289e-02,5.822548377930925056e-02
6.374201673651435307e+00,3.724453652598229136e-01,1.402031415378226786e-01
6.136459195707622882e+00,2.980890279078481364e-01,1.902100054082840608e-01
5.766468225078388521e+00,4.192752159927368161e-01,2.983064976534090685e-03
6.220710885871034712e+00,7.338661570139386470e-01,9.549098355953181128e-02
4.118819784524333727e+00,-7.202548780658440952e-02,-3.427381129891982625e-01
3.974295065578811847e+00,-6.670950353351416950e-01,-5.995325538936149279e-01
5.088350365737987602e+00,-3.080663386846071994e-01,1.365305780513498789e-02
4.087742993829913019e+00,-5.864463467961733567e-01,-5.327090056517066463e-01
3.718743744298510734e+00,-9.488573716971450134e-01,-8.009623135827176332e-01
5.687906519133765215e+00,-1.623286213649035581e-01,2.907927773224413537e-01
6.722133653469502867e+00,4.188904932302577877e-01,5.028412130792093704e-01
5.856666941783291058e+00,-3.297816807849707210e-02,-2.183559868265998183e-02
6.233838454735614043e+00,-1.399649567424939567e-01,2.950026889967266031e-01
5.557246009932707231e+00,-3.109970021583710609e-01,-2.774499387774204684e-01
5.707936913539015222e+00,2.528440226253550471e-01,1.977419639293340470e-01
4.896361894134789949e+00,4.297406878626380128e-02,-8.651189516074866970e-02
4.419198777532045597e+00,-2.178561498216278758e-01,-2.490636562096799900e-01
5.825314832390689368e+00,-1.034548032977059689e-01,-6.978785426011547832e-01
5.676875641436394559e+00,3.861036107521745864e-01,1.558290385273909118e-01
6.054845001136451188e+00,2.501107030199819503e-01,6.966799035335188295e-01
5.920249124414895370e+00,4.331792696748174576e-01,4.593717498554377721e-01
5.706519923888786039e+00,3.165554762885566809e-01,4.373577057171890714e-01
6.595188126001199969e+00,1.393076523633927977e+00,6.877405925909648721e-01
6.656768311094338308e+00,5.474123669906927336e-01,3.049107937334609164e-01
7.700163490524998267e+00,4.842277795308050359e-01,7.451794440610034487e-01
7.754563431347499147e+00,9.179027982733205526e-01,1.031178494305574844e+00
7.118225913173591657e+00,6.412567145203168506e-01,6.856875111824636271e-01
7.578575492218793563e+00,2.449753403596274026e+00,1.599085278182781344e+00
5.444398135695878160e+00,-2.356309706895368672e-01,6.748123236856377882e-02
7.765964541543966426e+00,2.295705850036002360e+00,1.491640277372888512e+00
5.694947333005977441e+00,-4.956196727052892236e-03,-4.000853682710896475e-01
7.175344719449730846e+00,1.132292036391813195e+00,6.199922341549661819e-01
4.310609896919472384e+00,-8.094010224355582261e-01,-1.566295707020606720e+00
7.465055354235814455e+00,1.071579950948694515e+00,6.446642036375603846e-01
6.756086257460464317e+00,6.496228583128321743e-01,1.711987127070205006e-01
7.498887742366592057e+00,1.165301335282016293e+00,5.276592599128036021e-01
6.798034204743469644e+00,6.000837012058453102e-01,1.212428097838045143e-01
6.258931779856466093e+00,-1.563564580246359803e+00,-5.170645464925880397e-01
5.243855884825819658e+00,-2.241905419363868113e+00,-1.561608903237905022e+00
5.301016810954481961e+00,-2.477771526522233980e+00,-1.030746838390516507e+00
5.118581563805455481e+00,-1.781670299921640721e+00,-1.032466560825104684e+00
7.176908718016523636e+00,-8.362795301478551102e-02,1.029988251845541214e+00
6.525559917406313915e+00,1.100430077998069966e-01,7.685953846648537757e-01
6.948116308155811716e+00,8.853824948782735849e-01,2.270775543088231763e-01
5.781631501388285521e+00,8.580232434214589698e-01,3.542261332955282116e-01
6.767450326073819689e+00,9.656961951270688349e-01,7.387989820765600291e-01
4.675361278081575200e+00,5.587749432354225526e-02,-4.520310474486221586e-01
4.673381221859363777e+00,3.585058849566582495e-01,-1.077509172988162650e-01
6.511263960507161386e+00,6.108911058053257959e-01,4.248908094004884561e-01
4.582246817730080579e+00,-3.853375452821709568e-01,-4.942141372302294999e-01
5.278995950332712184e+00,-7.196107665512124774e-02,-2.495214326657865800e-01
6.896123656497863408e+00,4.477861785411366702e-01,8.223358985551443290e-01
5.726448803295037138e+00,-2.002331970031747954e-01,-2.744187025150294779e-01
7.294578487829195268e+00,-4.289382461021307158e-01,4.950845599735515662e-02
6.141118752801103753e+00,-1.961952459766940216e+00,-1.149135308166367331e+00
7.089962598606645905e+00,4.220702191800527192e-01,7.297179875245363156e-01
7.162021996473777463e+00,9.554772880267853319e-01,1.788066061270509044e+00
7.752714103766552789e+00,1.584940389820565620e+00,1.968760920368928469e+00
7.289764057473942849e+00,2.771693310766980001e-01,1.143857760232840581e+00
7.015934658935154999e+00,7.156708479097083631e-01,8.288778620509714701e-01
7.578828338564654210e+00,1.381263974998258037e+00,2.066109388290870985e+00
6.920913345620191670e+00,1.380858530815797680e+00,1.575990497156440240e+00
7.923388434748630971e+00,1.431720212960400529e+00,1.334462973125145391e+00
6.979789040817530044e+00,1.158726320903943119e+00,1.610680883016109455e+00
6.382077646571108431e+00,-2.871596182288300714e-01,-9.856755340853698977e-01
7.543148035967901066e+00,1.603555079449998866e+00,1.456252138850157474e+00
7.070912269165992470e+00,1.394222447383753227e+00,1.725663158020812826e+00
7.033710305006613872e+00,7.996784094383952990e-01,5.881558789122707243e-01
6.774479331913753732e+00,1.619110907427328883e+00,8.113288855801576993e-01
7.362473668274084559e+00,1.951835506232020734e+00,1.577121796940246456e+00
7.098929844931247679e+00,1.186837390295440775e+00,4.399430870548959316e-01
7.181234282916473255e+00,1.390884976391556282e+00,1.394164367017787010e+00
7.328357495880934991e+00,6.584379220086500339e-01,-2.642196234013326483e-01
7.485140979168073194e+00,1.264687665860788623e+00,9.058313810737412819e-01
7.634955881271042522e+00,1.439165532395784153e+00,8.699808784143822082e-01
7.734371231769674893e+00,1.625101250276380416e+00,6.398711898433648848e-01
6.626232452316655142e+00,1.099860823780695718e+00,7.479089256141915332e-01
6.060008942722948433e+00,-1.388337011765021112e+00,-6.236465320544586077e-02
7.124459213435572202e+00,1.424389043837100965e+00,1.164955891323702586e+00
6.355352754325153342e+00,1.368607849923363928e-01,8.722086117197100918e-01
4.012241362742337003e+00,-5.152907912825317460e-01,-1.198100667432803634e+00
6.352435895496626905e+00,8.147602143785286355e-01,1.424578584076678089e-01
6.796972553308610721e+00,1.638134527166878796e+00,1.267818723260844438e+00
4.317938583526377272e+00,-3.268310249869942341e-01,-1.888948419581600868e-01
6.212025620314157059e+00,5.095421987874968472e-01,1.000747890119519701e+00
3.993896198237838924e+00,-7.860237702459341724e-01,-1.769246851721614666e+00
6.027087086195884069e+00,2.421377538942928453e-01,2.444756229305456441e-01
7.026719611297812307e+00,1.423534805003352943e+00,8.833109178404400241e-01
6.443117394372383622e+00,-1.819168576566060347e-01,-8.894142774544924190e-01
6.774842274586303503e+00,-1.248914088325644572e-01,-7.704699964054459276e-03
6.491541547326678874e+00,1.159485885241519215e-01,-1.585721219765025281e-01
6.310073472795060034e+00,9.349900564433397121e-02,-9.052003443510380221e-01
6.292777836537824854e+00,1.033687029619958092e-01,-1.253840441360329461e+00
6.463025118413764147e+00,2.372197677927015136e-01,-3.951290388852522484e-01
6.762007159415370339e+00,7.780376250474675404e-01,1.907522076731825722e-01
6.541594085277167459e+00,1.005449238645528265e+00,1.931656600786810785e-01
6.082174387794219150e+00,6.466801699265171122e-01,-3.205126952843216914e-01
7.496979688749870085e+00,8.811567791047305101e-03,-4.131409170978814216e-02
7.667771012624569060e+00,1.105847604377548477e+00,9.701480326149181099e-01
6.474156002726502379e+00,9.746805725884349902e-01,4.973067360906271994e-01
7.316218557182042836e+00,-9.305597004476293677e-01,-1.436120683377874185e-01
7.208249526088927439e+00,1.112749273504632264e+00,6.914789003809542756e-01
7.307018048203588023e+00,4.294455095958937818e-04,3.414312342248113641e-01
7.502433064248151595e+00,6.330567025398037284e-02,-2.228948769904659788e-01
6.798558465849797727e+00,1.118061478925672425e+00,9.768412833888105995e-01
4.028409963782822345e+00,4.735627664954095151e-01,-1.281637427928450923e-01
6.963538455353660339e+00,4.658324734716124405e-01,3.944656317958238900e-01
5.661424557096399468e+00,8.279981436442914733e-01,5.381006622335728906e-01
4.941124370403791488e+00,5.519456754225349204e-01,-9.162167071886156977e-02
3.880894982958474682e+00,8.689025883482527635e-02,-3.337555746029138848e-01
5.529554944283974649e+00,2.381283704832054191e-02,2.440676926673346694e-03
6.861393174117778493e+00,1.298078420155114321e+00,6.459806063743316340e-01
4.503338371450589683e+00,-3.863556751719673943e-01,-7.000083765977257455e-01
4.156550616923839314e+00,-9.314571426796365294e-01,-1.983089281164075235e+00
5.591827719901190541e+00,-2.088837284887799517e-01,-7.250650326088181608e-01
4.781273581524307481e+00,-5.371767366413202627e-01,-7.878042813689760671e-01
6.222304804907021314e+00,5.611554071222397966e-02,-1.029601028324120399e-01
4.497735295265026245e+00,-1.229040884567353276e+00,-1.460247835209720790e+00
5.542738331264377649e+00,-7.200627187242839566e-01,-8.154541909193895322e-01
5.461990541450270520e+00,-6.079709701059416993e-01,-4.814817958267321729e-01
5.909026281209943221e+00,-5.371027083608017616e-01,-5.366789308080687215e-01
5.506169261529110237e+00,-7.084420157657529415e-01,-6.535243445949334706e-01
5.759699925979481883e+00,-7.643968133247076857e-02,-2.008041630067969874e-01
4.338666393726455794e+00,-8.132520273343490924e-01,-9.839771729104220821e-01
7.173031163247976849e+00,1.242516955110581911e-01,4.022499822175130135e-01
7.195101195949745509e+00,1.398759036763360386e-01,5.486929400553420821e-01
6.379956715960080516e+00,5.085374130154890482e-01,-1.337807639243964453e-01
6.423336130171517944e+00,6.904589411958404754e-02,-4.719040414875548262e-01
5.577747318240775520e+00,1.785308078194876302e-02,-3.458064682147174995e-01
6.998338758976612617e+00,9.692770593028382509e-01,9.306047801780352735e-01
6.146419640826374042e+00,3.121077641958615589e-01,-5.705846450153464477e-01
7.148340039114588151e+00,1.490629954691819803e+00,1.133335253478472859e+00
5.361835370647409782e+00,6.096125554393445611e-01,-4.741787662876197351e-01
6.727448031846370746e+00,6.925326598063784589e-01,3.699234562144097793e-02
5.503225353455024838e+00,5.240966363142297579e-01,-8.461600891648318745e-02
3.947944953824420455e+00,-3.036267557631033287e-01,-7.328337892923044716e-01
5.904688919173302963e+00,-2.074320844763029026e+00,-1.689336348132700172e+00
6.576205031249553912e+00,-9.208014215275570624e-01,-2.215511830521174619e-01
5.691844954521523725e+00,-2.712922117494321661e+00,-1.913784291756296385e+00
7.707172509393676485e+00,5.628344452076706750e-01,1.863537979357677621e+00
6.984153347681369084e+00,-4.997497369453400839e-01,1.560114140451864806e-01
7.304378652116207071e+00,-3.232643250806991886e-01,-5.744975820281740253e-01
7.672010297936834533e+00,4.818891877139469537e-01,1.104948061132956516e+00
7.434840271242761034e+00,3.016851024424839212e-01,5.521070312320095486e-01
5.844310271616742547e+00,-1.164530097786019847e-01,-4.471141909994523767e-01
6.356011398080914532e+00,5.240618803317937946e-01,5.943068197843216494e-01
4.471906763200530932e+00,-3.257095455776376713e+00,-2.896323094898550998e+00
7.513137969939589489e+00,-1.098992548889075049e-01,4.566229206950611075e-01
5.551892266033944701e+00,-1.043618179379813604e+00,-6.251736044136229076e-01
5.273927791351190386e+00,-2.154685606825446964e+00,-2.024418728423658997e+00
6.343518486648220822e+00,2.979706702944250329e-01,-4.117005326613892291e-01
6.638600446093716911e+00,5.863093262292669028e-01,6.410684688767127604e-01
6.698917042881266326e+00,7.258335824282056148e-01,9.178727164132266525e-01
6.702808066502386808e+00,6.603234369645301083e-01,7.128275508154581219e-01
7.356525462622988343e+00,-8.728487903300547260e-03,3.611610249354916258e-01
6.250994235974501656e+00,1.052184177373788110e+00,5.935512357234532521e-01
6.748728249850303840e+00,4.982529226473799144e-01,6.468586177401408621e-01
5.448390902046818418e+00,4.197220105728658446e-01,-4.829613822737507944e-01
7.121491068945245750e+00,-3.225472514072793007e-01,9.160510685155663635e-02
6.073479957982992339e+00,1.478328202239703293e+00,8.580022486283209737e-01
6.211583325046176718e+00,9.708251050285741091e-01,6.917364942464753197e-01
7.131027132583671602e+00,2.833580159632999654e-02,4.955454208263641164e-02
7.099072340810427484e+00,9.800135826768244796e-01,1.078810701512755932e+00
5.026192075521961122e+00,5.067559308635419812e-01,-4.480169232509618182e-01
5.693785410432158578e+00,1.114961462852199992e+00,5.817823900008690652e-01
6.545515315532298928e+00,1.191435420123624800e+00,6.483729495351575611e-01
6.309650435875151508e+00,-1.161451728593178911e+00,7.269730993293654908e-01
7.192963991137796498e+00,-3.776118539247442785e-01,2.481263869050998938e+00
4.644362899170196179e+00,-2.080543318765093463e+00,-3.739161247590658821e-01
6.406017579611233970e+00,-6.337485914049247882e-01,1.279620804414932422e+00
6.883543783608955913e+00,-3.731465911274230995e-01,5.849633191116251352e-01
6.867426499632207637e+00,6.687914511727108824e-01,1.492247612264556267e+00
6.779825958852273793e+00,2.253893340067521511e-01,4.209507094360616097e-01
6.924746683472389641e+00,-5.464466192950629964e-01,7.430531611472623865e-01
6.971472290251657711e+00,-5.506927018588974043e-01,1.285266608502996455e+00
6.887454655012006377e+00,-3.465039570086035359e-01,9.580408998465120840e-01
6.447891388543386171e+00,-7.234499356802381875e-01,4.233923845520766727e-01
6.955695577687755815e+00,-8.407716582539765948e-01,1.180595422098931202e+00
7.138972497933390393e+00,-4.736308372464491101e-01,1.234897688818935357e+00
4.516829251198374529e+00,-1.342118259901446065e+00,-1.152613001439826368e+00
7.070519005358232967e+00,-1.035315451760479899e+00,1.058874022855121888e+00
6.956082573460313334e+00,-1.367788635126064412e+00,8.144258003061740636e-01
4.936431747148857241e+00,-1.650008085848927886e+00,-1.104114276444983167e+00
5.827460786168442652e+00,-1.884990861637203086e+00,-3.924765465739329939e-01
5.153922090448374682e+00,-5.557193967689479930e-01,-4.471791949355755080e-01
4.838490949257442608e+00,-2.052381633916695147e+00,-9.372894971623311200e-01
6.869866058826739064e+00,-7.519406909116183035e-01,2.199507527355351044e+00
5.428220855936892519e+00,-1.355765129748700781e+00,-3.653200412300640076e-01
7.261026322202734917e+00,1.500159815820091280e-01,4.233676083873478269e-01
5.147137800325649160e+00,-1.156946890150029050e+00,-4.745509435608736282e-01
4.786666436135330827e+00,-1.800505300234396477e+00,-2.230717669360602062e-01
4.953013235203629350e+00,-2.952079897293929389e-01,-2.475308463005581328e-01
5.072550112451160942e+00,-1.365965241022121024e+00,-3.517802399745868502e-01
6.030869036005430672e+00,-7.687032212922402241e-01,3.255360754416777858e-01
6.276132300000077713e+00,-2.192393540955995812e-01,2.007189486416362523e-01
4.567016529281040960e+00,-1.747136447291024686e+00,-8.087556086192005944e-01
4.730352212455665395e+00,-1.309342304979045801e+00,-6.314154900281484517e-01
5.646722479429239883e+00,-5.406654510542117098e-01,4.043306279248750079e-01
6.352798924537120584e+00,-3.548628942661989916e-01,7.809281803945578027e-01
5.577007211054764824e+00,-8.350741414110958161e-01,3.639020525915281218e-02
6.650806681983076452e+00,-4.647171085867184970e-01,-6.251338916645153565e-02
6.047835819875347241e+00,-5.766561018297086116e-01,-6.938754054144664618e-01
5.769414301911743870e+00,-1.923134778902163555e-01,8.362809306443551305e-02
6.648892043173550981e+00,-1.671497490733981073e-01,1.658355043198768974e-01
4.136366615060151020e+00,-1.085220460993576497e+00,-1.154224047008130194e+00
7.195694190971452464e+00,4.077430802280637007e-02,3.016302664210285034e+00
6.995087790120811277e+00,4.459104987017399324e-01,3.019348310092263787e+00
7.618946135213456650e+00,-1.906202496496071375e-01,2.828989935853696736e+00
6.298734145745194191e+00,-1.460891007791091711e+00,9.391783076859613333e-01
7.424841789087504473e+00,-7.213440146442633150e-02,2.550401744045281749e+00
7.679215747270429659e+00,4.529930240922846463e-01,2.681685361456726202e+00
7.162286541032337972e+00,-2.430806995261157455e-01,7.168055310335760266e-01
7.138359035466875113e+00,5.968832995262566415e-02,5.790920569319596423e-01
7.137194998808188195e+00,-1.932425769825616146e-01,1.535943713963759283e+00
5.258093281993647672e+00,-2.085971792714535589e+00,-2.135598801827776061e+00
6.476018248394862731e+00,-1.221463574036037114e+00,-2.289181157466428362e-01
6.895949557519429618e+00,-8.696959921928320014e-01,9.391491927819122232e-01
6.987410697659177217e+00,-9.470531048901221771e-01,1.594164556451039605e+00
6.263562607847236841e+00,-1.017122652304872199e+00,-5.094128146258566359e-01
6.760628197826696884e+00,2.619919717397572456e-01,1.965280271975431203e+00
7.194249655294406409e+00,-5.781948962491614274e-01,6.581336147125349534e-01
6.373390622620212831e+00,-1.330024479191659559e+00,6.384443686498184611e-01
6.818947083899645989e+00,-7.075982224922959807e-01,1.085124473139152945e+00
7.182133228469592900e+00,1.256197951493022158e-01,2.474630965169133390e+00
7.166473988040867660e+00,-3.676177433132640088e-02,1.624190281499637400e+00
7.148766439065269651e+00,1.201754357628382008e+00,2.612176770389914804e+00
7.233956411734449254e+00,1.879929105759022556e-01,1.134932476712256610e+00
7.172209403054637278e+00,3.008370408650498651e-01,1.613450440502709471e+00
4.545386719646964835e+00,-7.326965608680942044e-01,-8.088875605145392500e-01
6.983315485620842367e+00,6.491577441595993703e-01,1.166548944149313094e+00
7.101182537498006653e+00,-2.106512098159385726e-01,-2.442113689564935630e-01
5.648795622174685782e+00,-7.714542263187329496e-01,-3.149311497525242864e-01
4.278162574911672067e+00,-9.833492484428634217e-01,-1.137962759522679113e+00
6.976294283279028008e+00,6.982973392238327193e-02,-3.621941831984236328e-03
6.747673459404853524e+00,2.929804245262443430e-01,2.264595655273403743e-02
6.318000590870313182e+00,-5.151395894973324063e-01,-7.776697509051980761e-01
6.543589588884403341e+00,3.409060774284862205e-01,1.156958698931613433e-01
5.985597154380005946e+00,-6.808021884741927154e-01,-5.153251778642183867e-01
4.271551678487359283e+00,-1.946076921870711463e+00,-1.880248198545659388e+00
6.804858294569431365e+00,3.430506602439568620e-01,-1.893102527378700550e-01
6.897477956215079864e+00,-7.204765866913799277e-01,-6.414810995957657136e-01
4.788619576510062537e+00,-1.008729868127886231e+00,-1.083614263225549434e+00
6.722838316891834864e+00,-5.392123578758558633e-01,-4.127002264093442840e-01
6.061976646468431262e+00,-1.689002281182046872e+00,-1.358065462208938090e+00
5.277851336144185446e+00,-1.375790259501307400e+00,-1.498654822671913633e+00
6.771057027669198369e+00,2.443658522440977088e-01,-2.139292455088927791e-01
6.826501511519522225e+00,7.729176928105236932e-01,-3.517510794706508737e-01
6.427252907309870089e+00,-6.823528554084641318e-01,-5.397620668364419005e-01
6.431336456251145250e+00,-6.877373922074453416e-01,-4.652376480104900569e-01
5.951839666900813341e+00,-7.818113348769736293e-01,-8.186725633182715400e-01
6.664701556305048236e+00,-7.151889062082675830e-01,-4.957184680067463489e-01
5.517346245712242414e+00,-2.042590082863280365e+00,-2.060280421941946827e+00
6.056777343143591175e+00,4.445700585371398922e-02,-4.820832525072518138e-01
5.490617091006152251e+00,-1.973880609597572722e+00,-2.171474937537412941e+00
4.971729971671858372e+00,-1.358495994138473995e+00,-1.003481201590539662e+00
6.595817259093117890e+00,-6.244930289859237371e-01,-8.746722496059926577e-01
6.309414607149545162e+00,-1.229076473486787391e+00,-8.527570229652217115e-01
5.872084599977918096e+00,-1.281336106749893178e+00,-1.055584116409456596e+00
6.465461373268031053e+00,-1.301113880822651447e+00,-1.067435106210718576e+00
6.002145129945225754e+00,-8.901545155635051110e-01,-7.814065656350127620e-01
6.253920498999694821e+00,-5.240090858655905848e-01,-8.676705154392913011e-01
6.578635289258616403e+00,-4.728716503420995476e-01,-4.248824642435510279e-01
5.238806132442182850e+00,-2.095150042941754442e+00,-2.037874404363172243e+00
6.058804561321260884e+00,-9.456070999438226377e-01,-9.074299290916265637e-01
5.741917439383457555e+00,-1.645914570405681898e+00,-1.129930081197293212e+00
6.345412007462147841e+00,-7.966584057486333359e-01,-7.022445085390572883e-01
5.407655077632382401e+00,-1.103309830727980723e+00,-9.116096621143515710e-01
5.746649040837970901e+00,-1.220702041640342239e+00,-9.450319703066852872e-01
6.262910436867268338e+00,-5.636653242411521214e-01,-4.760697883724140933e-01
6.109932986250944609e+00,-1.576283229031752775e+00,-1.113003196578645992e+00
5.126625838231970711e+00,-1.576492871480517755e+00,-1.141588809403377924e+00
6.094426684405926942e+00,-8.330823274865354344e-01,-1.153321799668875380e+00
4.898358068354544237e+00,-1.738978022002993562e+00,-1.847801494092358388e+00
6.233032588123649909e+00,-1.452407926305544272e+00,-1.522995293990496268e+00
5.748097629159314437e+00,-1.345304011448874126e+00,-9.943660338568833801e-01
3.278656285296639883e+00,-2.114790753696714543e+00,-1.555285450093779165e+00
5.620490771747359560e+00,-1.536944056654580670e+00,-1.037881731229894688e+00
4.189861909973168430e+00,-2.730361558660531873e+00,-1.984494016824521534e+00
6.546447152719394147e+00,-1.314405924179568252e+00,-1.459254071579945800e+00
5.914221086531458837e+00,-1.747836048163246447e+00,-1.728298019566572918e+00
5.882354060211545388e+00,-1.662773210542219271e+00,-1.379618627987378776e+00
5.499641429363727241e+00,-1.760262564961368126e+00,-1.272676591750129482e+00
5.429475670078924843e+00,-3.092583496885893957e-01,-1.080792989829528539e+00
5.270210248713578238e+00,-3.080293698865078644e-01,-9.227181417384069384e-01
6.907881826680810633e+00,2.157256438176459179e-01,2.047704421674655662e-01
5.284209596874029025e+00,-6.819287404934860630e-01,-9.254097186465489733e-01
3.589614820417765806e+00,-1.571473036726414252e+00,-2.169030371577294058e+00
6.415742799515514072e+00,9.796612448042396615e-02,4.974691944607645411e-02
7.265894030323779340e+00,-2.386111869909335048e-01,-8.574485856312791254e-02
3.491888614271446034e+00,-2.053671406360006557e+00,-2.127823041155701755e+00
5.488444204959209927e+00,-6.852953197535500696e-01,-9.851418705760135452e-01
6.606491894927523312e+00,8.201590078301952691e-02,1.615919586288610543e-01
7.141852913534103564e+00,-3.719117269316255525e-01,-1.975505741876777133e-01
6.653752515222185693e+00,-9.379086386284515298e-01,-9.141527284667806397e-01
7.480416448809773300e+00,2.299891033658678197e+00,1.341641754623740024e+00
7.156607755757541156e+00,1.488497554510230358e+00,1.031533599760913411e+00
7.728383859530702615e+00,5.081291129315904653e-01,3.610811873292685270e-01
7.113792658314336492e+00,1.405138227514222793e+00,6.187980043261650520e-01
7.551396773239281934e+00,-3.064362706980992557e-01,-8.307775428016708763e-02
7.116327491486956980e+00,1.290737882863014940e+00,1.146642533538736908e+00
7.133626732784495772e+00,-7.088786336400200450e-02,3.388894401474405044e-02
7.020815516065843198e+00,1.863258948014760774e+00,1.309584104124349002e+00
7.009440405459882228e+00,1.593183945659022660e+00,1.333166205908970614e+00
6.144063121889280055e+00,1.085588002033398114e+00,-8.216286011539618295e-02
7.306641992482870940e+00,1.048866337423045358e+00,9.715292073611457857e-01
6.879508073065228047e+00,1.614580292198251721e+00,8.154708917412658575e-01
7.396671182208832462e+00,2.083496970282304517e+00,1.682487667523834496e+00
4.077099107629172714e+00,-6.455542058575867159e-01,-2.007009003650357837e+00
4.919696109531856543e+00,-1.994158894011389405e-01,-6.952269788967279096e-01
7.159542863342034380e+00,3.968496835330755923e-01,2.881743127491522838e-01
6.141098528983686577e+00,1.450751356946457515e-01,-3.653109585316677288e-01
6.332453342525408146e+00,3.203396240269689166e-01,-6.827925341950922267e-01
5.893646082103902728e+00,8.953517946737390432e-01,1.261270732144255391e-01
6.282158249069980549e+00,6.670309746568428011e-01,3.708734547132939152e-01
5.613640261777452345e+00,-2.110649465490790910e-02,-1.110964651851969354e+00
6.662074340405967909e+00,8.742268021437431536e-01,7.805504505059708276e-01
7.054624697210579498e+00,1.334622082977600988e+00,1.094990624446167571e+00
5.156552529844545596e+00,-2.317175887883833052e-01,-1.163066736570897541e+00
7.014016599905464666e+00,2.179106037491147785e-02,3.096433154247789088e-01
7.426171176413230768e+00,8.197629898016630667e-01,1.007652547955005140e+00
7.107963810411733974e+00,1.182256882785885477e+00,6.088365972524362180e-01
7.507176598697981262e+00,2.874615041611505717e-01,5.363981177747907392e-01
6.027434529624629000e+00,8.097377554227572771e-01,2.248687035427552050e-01
7.924294770707691171e+00,8.543814772529425561e-01,5.291404635621541619e-01
6.544873036820544776e+00,-1.308045634755576891e-01,6.838875977615517521e-02
6.736300608149140778e+00,3.748939018411480417e-02,-2.498820301362139895e-01
6.812803090234713643e+00,3.221510432243809285e-01,5.858683357107526968e-01
6.683844437123585003e+00,-5.278001508623981347e-02,5.628364884188022388e-02
6.745125479637144039e+00,1.694712964507286423e-01,-6.833561159027950679e-03
6.767634772745096505e+00,4.854961244350753380e-01,2.903092293728460893e-01
6.516140535088486452e+00,4.627607502355676750e-01,1.487004208376202508e-01
6.583732458109788688e+00,4.993582691925210759e-01,4.739530323174052651e-01
6.783228225348321594e+00,8.619790181527181572e-01,9.211010173485564279e-01
6.587111390658185961e+00,1.255064487046987143e+00,6.030398440581385966e-01
5.665893584685915307e+00,3.753005449258043913e-01,3.575481785381737776e-01
7.129176261992203223e+00,9.386553497969531978e-01,2.038277544768935523e-01
6.857761872838422867e+00,8.747791148684174178e-01,4.228940173390303148e-01
5.620932942331120508e+00,1.298675870234864416e-01,6.649462642200076185e-03
4.480298331299128911e+00,-2.020457755501593733e-01,-3.948199635865135004e-01
7.216288948385735758e+00,-1.560579445509211183e-01,-1.322303387504745187e-01
6.619640307685478398e+00,5.169119533338576433e-01,6.782801822497046551e-01
7.404855721363618137e+00,-6.214404849334411729e-01,-6.881643223910085538e-01
6.224803057537775963e+00,1.509603517176726084e-01,-1.208588720262074312e-01
3.025798536452676046e+00,-1.378800570524938207e+00,-1.552684659434607317e+00
5.252270868949920235e+00,-7.677683902566696528e-01,-3.049422911163524597e-01
7.213705545289785803e+00,-3.758241494069802235e-01,-1.896980549289492279e-01
5.662984333397208303e+00,-4.506589210960773029e-01,-7.403463899669056325e-02
3.780590472433682958e+00,-9.138468750120467554e-01,-1.248987096425896892e+00
6.023965712215325397e+00,-4.202063295625247941e-01,-1.016482392195720147e-01
5.132148262231172708e+00,-8.535142515466580537e-01,-4.016926145513644020e-01
6.643956525235361177e+00,-4.080160601760320360e-01,-3.189292122913310323e-01
5.821639859774775161e+00,-4.689489054840035864e-01,-2.315771825483572133e-01
5.640466627344391526e+00,-7.730040711410817167e-01,-5.347535180292571910e-01
5.361745427953870546e+00,-2.109680867551088912e-01,-6.591195440785615478e-01
5.710475210818500180e+00,-9.137658098009484586e-01,-7.829529506743715395e-01
5.754844119277102266e+00,-6.651788698572207448e-01,-3.379196705250451793e-01
3.985666200164174278e+00,-1.279930965800946563e+00,-1.441358584619959027e+00
5.504303141379338626e+00,-4.023662659811040876e-01,-1.225074149256170086e+00
4.993934522885943750e+00,2.460423162858228208e-01,-2.160936281787571162e-02
5.915380202419260769e+00,3.549253099863298733e-01,-2.812582335095944672e-02
4.090985814627527084e+00,-1.031365159611220772e+00,-1.461131344349492878e+00
7.096236958018161900e+00,1.155430835758291641e+00,4.850295845324223420e-01
6.635339354891372388e+00,4.407611579879487373e-01,4.643132079280991829e-03
6.615204338433611220e+00,4.356703503204873429e-01,1.072844792128114511e-01
6.137940341951106049e+00,-2.527036806951702963e-01,-4.530487122974911629e-01
7.145435302860801308e+00,1.853732609868042891e-01,1.578543048519527592e-01
5.005930222663093510e+00,-2.748752496063811557e-01,3.916674102918853845e-02
6.880598491424057883e+00,-2.456338217245678246e-01,-2.525673644278248475e-01
7.092498687417322145e+00,-1.072180897101953495e-01,-1.027384158826391974e-01
7.126667807258145970e+00,-5.674135099435547724e-01,-6.446684601205435738e-01
5.820000175422856081e+00,-4.924418172272975736e-01,-2.776831040077247237e-01
4.929103184481038014e+00,-1.270392736727023575e+00,-7.671775269840285238e-01
6.424813028776793722e+00,6.592399898556312865e-02,-2.977260714738660941e-01
3.868946897605848090e+00,-1.776458160780337803e+00,-1.363543690834053690e+00
6.323525720532612304e+00,-2.618201253338995338e-01,-5.249032789144751909e-01
4.229184567104165460e+00,-1.600443234519368652e+00,-1.307375479378039662e+00
6.118978613625496443e+00,-5.504712143056825768e-01,-6.535675913225946765e-01
5.746226478648355673e+00,-6.208896854984038427e-01,-1.172094883020160516e+00
5.598170296849287908e+00,-8.370195492455583253e-01,-7.610435459535064284e-01
6.367365429549265876e+00,-3.108311226415087503e-01,-5.351060573065979931e-01
6.839903705808964673e+00,-8.748862355059416895e-02,2.173347417481417410e-01
6.692403522638388225e+00,-3.192510695763413064e-01,-2.596538671976391655e-01
6.339966832912487860e+00,-4.596143025652446035e-01,-5.697609143669840615e-01
7.070040065254072026e+00,-7.644198760351851307e-01,-3.070817573839454417e-01
6.191539700222262965e+00,-3.517999956638918069e-01,-3.121044243794669493e-01
5.981237629307144310e+00,3.427667188513274232e-01,-2.359531491856595997e-01
5.774882677163340361e+00,1.063984241336983327e+00,-3.701791595103685190e-02
7.549651969868668822e+00,1.610305153034285341e+00,6.649827566706365545e-01
5.530275780222745574e+00,7.237932330107084145e-01,-1.658548606631657096e-01
7.200409079943539403e+00,1.138101085911551236e+00,5.882753789884052065e-01
5.442332198897060103e+00,9.592064050620668914e-01,-1.859387248359291311e-01
5.913500992062229678e+00,1.704032390270730613e+00,6.073195931545520843e-01
7.356936580982265994e+00,9.218304197352934493e-01,8.533611157879596176e-02
6.482071413843829788e+00,1.407928722938318611e+00,3.062063662531164798e-01
5.319700935187125168e+00,4.844690299199174155e-01,-4.851694868444157982e-01
4.754647624483451018e+00,4.908475126888008355e-01,2.400960938833810246e-02
6.177015892192580182e+00,-4.212879853401207408e-01,-8.132305437719883345e-01
6.109638200973003919e+00,-6.081515859001928037e-01,-6.863188637810326842e-01
7.825364743393329547e+00,1.686015878173872329e+00,1.387873474222990788e+00
7.187870046995634254e+00,2.122963663377270382e+00,1.262821576312421534e+00
7.623681611963109006e+00,1.001039674703924964e+00,5.455903514398222631e-01
6.877150602072675589e+00,2.094337266691424837e+00,7.444873073947578801e-01
6.879271646246137628e+00,1.955299577417886514e+00,1.121680071998246042e+00
6.128327237452875664e+00,1.311340552768314405e+00,-4.826485362175924471e-02
6.313548868568360284e+00,1.144880109604722085e+00,5.627818457855485734e-01
5.705154684744783822e+00,1.948347952614745415e-01,-7.328292851090671967e-01
6.412392783333496382e+00,-8.260317976297723019e-01,-1.439425120293263971e+00
7.182213012924294482e+00,4.926504652931879003e-01,-5.589996601407114518e-01
7.217988750976883416e+00,2.345177631837950805e-01,-9.585114058342828480e-01
7.225583824718992076e+00,2.141393914177033952e+00,7.269430365741226252e-01
6.979163144616737924e+00,8.236097447176192743e-01,1.673674169810327253e-02
7.347454595870340555e+00,2.207973464669187091e+00,1.341734686984288549e+00
7.108324003799961766e+00,1.265620458376510271e+00,7.690973277784671769e-01
7.952940072587675324e+00,3.400538551241096830e-01,2.008988333200047438e-01
7.582749557989842515e+00,1.391972735386556970e+00,9.648698922230266595e-01
6.979296066331396098e+00,1.420531760321851689e+00,1.224196588050210588e+00
6.341812530088660083e+00,7.691762588900177278e-01,4.181462724041802859e-01
7.031871563870853770e+00,1.067350066794191754e+00,7.306273932175546548e-01
6.195445912437984148e+00,-4.490182637206716065e-01,-8.779629761043469260e-01
6.847172190827391702e+00,5.885194968365142776e-01,-1.660155465546983011e-01
6.518202051453424239e+00,-1.932457020418964777e-01,-9.975069276302286347e-01
6.796864858507871254e+00,1.718568838171190272e-01,-6.259941804203973392e-01
6.880420649138843103e+00,7.506300843930310274e-01,1.569578193335655625e-01
6.724917545619534032e+00,-3.888388193514185631e-01,-1.267591980982133215e+00
6.638525897059025738e+00,2.528116997792594911e-01,-1.671719587879026137e-01
6.572690485467667543e+00,-5.511037605267287143e-01,-9.228243245108503912e-01
6.468691307558679604e+00,1.279682259025621605e+00,9.191793093593588759e-01
6.644901667285282088e+00,9.496323237026470521e-01,4.355056587632434861e-01
6.733250053942164470e+00,6.273454996290739327e-01,3.448389225320553919e-01
6.466245141118705853e+00,8.474949271988274635e-01,4.124980626755965774e-01
6.726693201906840613e+00,1.639537105248007887e-01,-5.348385451120491602e-02
7.063317012674706241e+00,3.080331682761834888e-01,8.582441747664609766e-02
6.536278220024246188e+00,5.626919859194258466e-02,-7.193901301796316872e-02
6.413682391941467387e+00,-3.908381580029979263e-01,-6.865968355868392603e-01
4.851584763263806721e+00,-1.155142571583436473e+00,-8.148849529828073868e-01
5.666545873926725818e+00,-1.024339401729656762e+00,-1.229717316355628087e+00
6.798118212734117982e+00,8.161248496023491006e-01,1.320265491309140504e-01
5.493327202267125564e+00,7.082495869081070206e-01,-3.661296394196970894e-02
4.519130465179047818e+00,-3.196891117231807633e-01,-9.646491151316006762e-01
5.659964042276669716e+00,3.737639752809032712e-01,-9.595930697404514431e-02
5.239230314443559244e+00,8.902314318605948629e-02,-3.485707939439443015e-01
6.929911318774524709e+00,6.726540360341477509e-01,4.490065047708933776e-01
5.485165572961725466e+00,1.490480332571412492e-01,-1.925824836945396190e-01
6.048313698911322867e+00,5.248585938600184297e-01,3.913342124692179014e-02
5.946694300709883585e+00,4.014738345154859056e-01,1.905203098368740966e-01
5.422681718276445295e+00,2.373072862485902379e-01,-1.683734018495373352e-01
6.026241504042503472e+00,4.044948765430655402e-01,5.053632844013626613e-02
6.023133476870149217e+00,6.084184843691468059e-01,4.083004116300369413e-01
7.457333250120845136e+00,8.411275554404646915e-01,7.966148686129893575e-01
7.658482350572088926e+00,1.395118185036795078e+00,1.155189627950610420e+00
7.600925681616097052e+00,1.330752764618095441e+00,1.254732408541114230e+00
6.851120157046120873e+00,1.471424084182479497e+00,1.076295464854451600e+00
7.783828223670606228e+00,1.084639796242845122e+00,9.191188954344927664e-01
7.430026411439880185e+00,1.632481748002013455e-01,2.274096614243759917e-01
7.452063394888474690e+00,1.496859423198692252e+00,1.183848690031801043e+00
7.146221295509250560e+00,1.881587452544412953e+00,1.295634613896383014e+00
6.828637448788312803e+00,1.450480292173034202e+00,5.228539312540256834e-01
6.831718170877489449e+00,1.378324683571377163e+00,9.531483583427108330e-01
6.579607056001806065e+00,1.441981081841797740e+00,1.054916337058267040e+00
6.754534356305483378e+00,6.412937359079466937e-01,4.302771998064987558e-01
7.084166855808923913e+00,1.008639783103327137e+00,4.595151497541076213e-01
6.355021917686810795e+00,8.070344781280764171e-03,-8.413247008918214864e-02
5.072902942208961541e+00,-1.545749238748667320e+00,-1.230991214661914190e+00
6.764470599658274352e+00,-7.180109956675623240e-02,-1.409849475575742694e+00
7.320794575986892205e+00,5.097024998542315499e-01,2.925895933587662270e-02
7.437637527701602025e+00,2.127502829542085305e-01,-5.694440153811031191e-01
7.264865332988384772e+00,5.076595381098018001e-01,6.337736035743702923e-01
7.090016025699894087e+00,2.034156351927456780e-02,9.450233828259117785e-02
7.367666558566464019e+00,-5.803363208572696885e-02,-7.046521690285713346e-02
6.944855879897073869e+00,2.449096362044017594e-01,-1.323692266570201947e-01
6.911240253849433302e+00,-9.777320357989016664e-01,-3.905094495190164494e-01
6.864316603159283048e+00,-2.549759049169917358e-01,7.034131673124076334e-02
7.075997139593731333e+00,8.284727658304323894e-01,-2.024053542709841058e-01
6.847384724690802393e+00,9.976924954326754635e-01,-5.793573225500753265e-01
6.242302429709848610e+00,-4.787021352729124019e-02,-6.598194661534058092e-01
5.655999364384589612e+00,-5.614138942862649806e-01,-7.826731008863697936e-02
7.013567099366680324e+00,6.472836748265213824e-01,7.944311953506857371e-01
5.279992284421109794e+00,2.277447912379054473e-01,-7.591124732459725299e-01
5.641418835116132513e+00,8.217300849456950218e-02,2.916587285904063132e-01
6.718641932675754269e+00,-5.605485093591887624e-01,-2.181291721618448420e+00
7.012753639963495544e+00,-1.361606301653578432e-01,-1.037106346437618454e+00
7.010514980943213459e+00,1.666867601814946143e-02,-1.084026839715526824e+00
7.003947894287512632e+00,-9.782529943188705834e-02,-6.244838274664675781e-01
6.494739438283268385e+00,-6.085950736977326914e-01,-1.759340313664972122e+00
6.257765228707832250e+00,-6.880088647064768193e-01,-3.342466329419321092e+00
6.134107154363434233e+00,-7.718697213453966643e-01,-2.246782492304444379e+00
6.600708828208571965e+00,-2.156734360075811818e-01,-6.932079271630789963e-01
6.778198631450979228e+00,-1.532172894631010085e-01,-5.535653031215191922e-01
6.330495190056375954e+00,-6.581405177230708059e-01,-1.723925903423526806e+00
6.617107701200199088e+00,1.581183078403588793e-01,-7.724302659273883931e-01
5.120532474360003583e+00,-2.122830384799522907e+00,-3.362697365493234614e+00
6.756815933698884002e+00,-1.593999378240636491e-02,-2.693101290923901048e-01
6.187725427879312790e+00,-5.936797236270413558e-01,-1.138874063148184845e+00
6.206524919426199993e+00,-2.302355012954092062e-01,-5.800205937625241281e-01
5.728734649149306968e+00,-7.670863537132099202e-04,-7.642432654345217014e-01
5.277183784590050664e+00,9.679817877189648978e-02,-2.183352607560055114e-01
6.788548771517478819e+00,3.366927112251691390e-01,2.817306198812257745e-01
3.271831289749045357e+00,-1.507303852560621937e+00,-1.176630493635365760e+00
5.887515823688023175e+00,-7.664577904588690260e-02,-1.057159364465396073e-01
6.078680489119262731e+00,-5.758416727652426736e-02,4.893100391906702457e-03
5.178597799282238512e+00,-4.323097097156978763e-01,-2.058520598382040656e-01
5.963958563427936177e+00,-3.843727900643600232e-02,2.527920314485391784e-01
4.910738498632107429e+00,-7.016702326458880146e-01,-4.644549471909671379e-01
7.197618647542279646e+00,6.446846413592193237e-01,4.567280317231242059e-01
6.283097874545807926e+00,-2.119991055237452349e-01,-9.149548492874584604e-02
6.546509054453726328e+00,-2.722651257639566169e-01,-2.483755380177140037e-01
7.349987962705455402e+00,-2.657544440142638464e-01,-3.095843709626400209e-01
5.978926797039135543e+00,-1.114834188290261541e-01,3.305178389642253745e-01
5.496533822278563797e+00,-5.813952109404818547e-01,-6.570231582383025959e-01
5.541288817790713139e+00,-2.568968257358742943e-02,-3.583354647197553589e-01
6.692143610318435520e+00,3.336591580492224707e-01,2.584298853080139735e-01
6.118919811263709541e+00,5.726184761595478623e-01,3.056886028268803179e-01
6.660808250169369060e+00,1.007661258989339892e+00,1.101544932252836118e+00
6.298164994109002102e+00,3.068519513960461520e-01,2.006736650789404941e-01
6.829963196020275795e+00,6.018075779591226526e-01,3.489892293529224809e-01
5.620100916523253609e+00,6.250222592504273145e-02,-3.108904271754603377e-01
7.124446062442669536e+00,3.056538579905837549e-01,4.394691858375289195e-01
7.271226160984844533e+00,7.258542693299556703e-01,4.386491680202636578e-01
7.301203561171764278e+00,4.657010628853432144e-02,2.720670970347857653e-01
6.232749498020232259e+00,4.428947510278358896e-02,-3.491087802614168956e-01
5.481679705088653876e+00,-1.573938128831295913e+00,-9.503739471636279967e-01
5.378153300217269006e+00,-1.450434495636594434e+00,-8.506292169059456176e-01
6.490646374085288883e+00,1.581933403131500770e-01,-2.922893625696347808e-01
6.534833684335714210e+00,3.944505665503745262e-01,-1.152060755786552121e-01
6.116675582710248804e+00,1.121605459407464395e-01,-2.128620567283938392e-01
6.320546130797961126e+00,4.003747124914245337e-01,-4.682534276004424734e-01
6.153028364512258541e+00,4.030686941467810369e-01,1.753961835707527200e-02
6.645183108852562803e+00,7.217338860191895300e-01,1.697964768250523615e-01
5.756280916735968312e+00,8.380435704304087796e-01,2.995843281710932615e-01
5.149616859443795214e+00,2.899569448794578896e-01,-1.582951796932342003e-01
4.011803521563249930e+00,-3.710034321802104240e-01,-9.071847046200448572e-01
4.775783188553182512e+00,-1.326434649957713152e-01,-2.386192499259829347e-01
4.367553699514258092e+00,-3.802715422609148632e-01,-4.563630012341379216e-01
4.868613927559688470e+00,-2.477464831834269021e-01,-6.955264633598493562e-01
3.295588274822668584e+00,-8.300178348316022969e-01,-7.795033705572715910e-01
3.490696539102345231e+00,-1.248682264092980665e+00,-8.228702648568280154e-01
6.598408918317925753e+00,3.450606016984282820e-01,3.009000085356511311e-01
4.557474221219010246e+00,-6.943149495051539333e-01,-3.661299286822065624e-01
6.222285979240323783e+00,-2.898607760880302087e-02,2.952449813492466490e-01
5.107600289051143605e+00,-2.683751917632168360e-01,-5.951783046384977877e-02
5.527107308671520336e+00,-1.100722281472456127e-01,-4.136300411466100058e-01
5.633046861380093695e+00,1.120291210773280977e-01,-1.877905773874560466e-02
7.228683687238334876e+00,4.680500740572289264e-01,1.242979235755144324e-01
4.535278568390305409e+00,-6.522541470451759249e-01,-7.355115967424018519e-01
6.001432138946126926e+00,2.686012696237722319e-01,3.529660795681179297e-01
5.346363408684458918e+00,-3.638254597112564603e-01,-5.905539475679476569e-01
4.821122702795424431e+00,-1.099851033888786134e+00,-1.275426559448008090e+00
6.806422313520366529e+00,1.758516543935518539e-01,8.052887968017698184e-02
7.346794278102005471e+00,-3.754486853639335542e-01,-1.254085416539192366e-01
5.661042263961529208e+00,-7.803269692571187521e-01,-7.995590584802207967e-01
7.258751008079098455e+00,-2.746430725024209471e-02,7.341356510320188322e-01
6.681241405761280561e+00,-4.501671196192939539e-01,2.048322090195515977e-02
5.765540382269505493e+00,-2.086048406603820404e-01,-4.795983805075442752e-01
5.684821207162541690e+00,3.335434647460387425e-01,4.337996146553738663e-01
6.034281453612972967e+00,4.002020670767992283e-01,3.184600867792238277e-01
5.380408655102871585e+00,8.787239637492656741e-02,-6.397832486503272909e-02
6.283920826954039640e+00,3.819482346452754973e-01,4.457109138757777145e-01
5.512055590763033308e+00,1.756092080774733777e-01,-1.362289880140968995e-02
7.495800496557918358e+00,1.540953699536037336e+00,8.545348503783644079e-01
6.293772083130084738e+00,-2.401578184622136375e-02,-4.011669837880869616e-01
6.817208341403422800e+00,5.579502099315359898e-01,2.500553701083957359e-01
7.453829467702447253e+00,2.536420448831159247e-01,5.948256275053293018e-01
7.441062343649957000e+00,5.128734226519464645e-01,5.352748710805591559e-01
7.472764073567097931e+00,1.746331948545178925e+00,1.254854953251473892e+00
6.215754028113756213e+00,2.620180520278789782e-01,4.609478717164616768e-01
7.474532115127903609e+00,1.640928990729872083e+00,1.380030589544482877e+00
7.489938856458984162e+00,1.290311338573283395e+00,7.142261881744914609e-01
5.289375451553665286e+00,3.051869212677604803e-01,-3.769439778466047719e-01
7.278936978393767632e+00,1.093611026753403381e+00,7.250883263187506422e-01
7.042380080139764686e+00,8.997367628922335880e-01,6.778995712467896784e-01
6.534557403619798421e+00,6.575513863084724298e-01,-9.176286476600904740e-02
6.474382303723291265e+00,4.932254573487955263e-01,3.629989135512818876e-01
5.845612314004217325e+00,-2.176894358167759336e+00,-9.596620267500149959e-01
4.580144475662322634e+00,-3.234549757291772298e+00,-1.256275819922360704e+00
5.622787137156911363e+00,-2.294329549223119269e+00,-7.850943911031813549e-01
5.787126382237172351e+00,-1.525262358059154222e+00,-4.879548116508145017e-01
6.892588738095504652e+00,1.054515862627435796e+00,2.522710193369012144e-01
6.230736459250939774e+00,3.746622441174026208e-01,-6.162725347211140958e-01
6.588437201545521482e+00,8.112537503004151329e-01,9.720523758034085859e-02
6.958824571243023449e+00,1.344662367251910240e+00,6.728074666254392211e-01
7.235493043194840546e+00,4.217904003042201033e-01,-1.836894791871010457e-01
6.489535907966017092e+00,1.407498025189350077e+00,6.826629588774904001e-01
6.644137782126321667e+00,8.448278112580454025e-01,4.260044550440854061e-01
5.417415185188170668e+00,5.330468945319103424e-01,-2.256177129570764162e-01
6.092652542429690676e+00,9.608631235802107540e-01,3.930674081881072590e-01
5.234803168276028096e+00,1.570426327517767118e-01,-1.895757278665237966e-01
6.556991678780693000e+00,1.650353285885202415e-01,1.583048609196832102e-01
7.217776554542108869e+00,1.703079047741208607e-01,4.876147540874208736e-02
4.987523891998757009e+00,-1.080409985187356092e-01,-2.614328538659351220e-01
7.111744662358359115e+00,6.189289807374587227e-01,6.101892866802384185e-01
5.775068022401845802e+00,-1.140541525929633648e-01,-1.433573820965583223e-01
6.340105932318134130e+00,-1.741072892378614290e+00,-1.065468057788649503e+00
7.345316595062535647e+00,8.028171065572045073e-01,1.058593974878138333e+00
7.872621521196906613e+00,1.898496327829872543e+00,2.255252038315820329e+00
7.277258199614246692e+00,1.002486054418119998e+00,1.676656444470410179e+00
7.826374455036455124e+00,1.785010587545245109e+00,2.186036112842181023e+00
7.129184131704308314e+00,8.348287927333097880e-01,4.448168822881747864e-01
7.071256852631253587e+00,9.134147415112493507e-01,1.399578098167680640e+00
7.396739014372966992e+00,1.587843934770925669e+00,1.558083428944704085e+00
6.723441751299219504e+00,-3.836279086851152598e-01,-4.825449657580274110e-01
7.046939557278326660e+00,1.534630319178628133e+00,9.838468066695241765e-01
7.551530738649608665e+00,1.551109749142203009e+00,1.304183064388839464e+00
7.276416846847889808e+00,9.706066038636628202e-01,2.254106451341421069e-01
7.172033378496639244e+00,1.548303288056516847e+00,1.286203378053740964e+00
6.802048542487955984e+00,-3.559922896288579830e-01,3.789090340670603005e-03
7.196192265216861728e+00,1.464321286010884293e+00,1.122006041912787078e+00
4.842955571359063960e+00,3.694803260204432283e-02,-9.947199328840330423e-01
6.847024607135173468e+00,8.901565869998188107e-01,6.533909787303534555e-01
4.208829806481887204e+00,-4.091805305427430040e-01,-6.947682492683042721e-01
6.812336390549479148e+00,1.238480725473378952e+00,1.198173903561818188e+00
6.474845120545891675e+00,1.043900150763386936e+00,2.511228391857556752e-01
5.544855655644009396e+00,-1.208751739859353025e+00,-9.427422000362161159e-01
7.305565425796456402e+00,1.568296689816363942e+00,8.013640863554809535e-01
6.963526565445143035e+00,1.180676645642373845e+00,4.670022033857800792e-01
7.732997600902809410e+00,1.241133687621215342e+00,6.997091347860066035e-01
6.554216164771935027e+00,1.101576787439862315e+00,4.406016134357099157e-01
6.602708814013615424e+00,-1.594071832888481477e-01,-9.860766814989839757e-01
7.041757300761037008e+00,-2.520287360853333269e-01,-2.872835046228944811e-01
6.713096849905395125e+00,1.954416543870592937e-01,-4.762317972635521923e-01
6.773815254667625574e+00,3.257736038308431392e-01,-4.464883129915261373e-01
4.601322324596481828e+00,-2.157214420015592382e-01,-6.184299371880591645e-01
5.425699580002055100e+00,3.246215084397027079e-02,-9.056713618105036723e-01
4.803011029567576529e+00,-2.242906402792146092e-01,-4.558175306877134125e-01
6.823893206178195392e+00,6.992240991073219725e-01,7.619172985497286998e-02
4.345901714082267553e+00,-1.215861958701881518e+00,-1.375083328944853189e+00
5.453862492122999228e+00,-6.573002563406014076e-01,-8.985384932064534036e-01
6.035858524911717815e+00,-4.456931221079300509e-01,-9.408616244359998548e-01
5.515342224626659018e+00,-8.377159274969188107e-01,-6.533506828621856721e-01
6.644327136107486709e+00,7.755569378715472528e-02,-8.923872383252106077e-01
6.192042411587334705e+00,4.552671191245855620e-01,-1.133970352304904811e-01
6.346700236224235070e+00,-6.017336325660246343e-01,-9.590349773790336485e-01
6.143462727198883755e+00,5.839890133691097440e-02,-2.906995171759422791e-01
6.325907384309864767e+00,1.701729534035275881e-01,-1.310117092432132868e-01
5.272024359726452225e+00,3.917121723415193379e-01,-4.938049322900452398e-01
6.469498887316067481e+00,1.162363232993981477e+00,6.340744300106171405e-01
4.805109604915297261e+00,3.886378592764214157e-01,-2.368333125068593781e-01
5.921651003979960137e+00,-1.600664136276727101e+00,-1.256284088764647144e+00
6.525320745976631365e+00,-1.165614303647878769e+00,-4.864273268818914420e-01
7.340472734422069934e+00,3.145671706868125028e-01,7.817865103401282489e-01
7.394059843851703562e+00,2.070286368098198104e-01,6.826618916024184136e-01
6.317579274659162358e+00,2.642315945865752469e-01,-7.359372749139280190e-01
4.585557534925829515e+00,-2.507762313747901484e+00,-2.958472942708844311e+00
6.253807639951189934e+00,2.646787866657735466e-01,6.137030054606130297e-02
5.058355987106565976e+00,-1.713236289817599900e+00,-1.787629991863879164e+00
6.222137732263653298e+00,-1.342923466793413123e-01,-1.318344325006413076e+00
6.743527429466517731e+00,6.546689478709941667e-01,3.480440591326854766e-02
7.059683038436209479e+00,6.164055248007962451e-01,6.381420811119636882e-01
7.429273297706226131e+00,3.866028733646030280e-01,6.975100640022603715e-02
6.369429262480747589e+00,6.674902869497617575e-01,8.550113898521753686e-02
6.994336504037796942e+00,9.992447246664463156e-01,1.069633468594063608e+00
7.298100060498623698e+00,7.088687513497370085e-02,6.880588562377303041e-02
6.653925849900854672e+00,9.219393001450184588e-01,4.958121109283053496e-01
7.262260212006597548e+00,-1.175762530117318572e-01,-8.362794958363434228e-02
7.692220419797945574e+00,1.264653736600026557e+00,8.923508782045488363e-01
6.269158720014655906e+00,8.052057178996775422e-01,1.164154641558485942e-01
6.467459601037195860e+00,8.110059890769859559e-01,4.001443523195158947e-01
7.396197521290843291e+00,4.029703221003531066e-01,-5.648037919039250801e-03
6.936124693331070290e+00,1.292180516093174081e+00,1.360414521337862004e+00
7.438643501054712281e+00,1.595962476004427311e+00,1.144237685269387628e+00
6.038026520893027715e+00,9.371656484291478462e-01,5.259631678782487052e-01
6.321235595009385477e+00,1.029574793012109746e+00,1.867647981246986777e-01
7.154419841849778194e+00,7.480269259402047011e-01,4.355158336863201862e-01
6.208405174262841442e+00,8.104606552200812608e-01,-1.569505940539083280e-02
7.109886995438010615e+00,7.465105152997242310e-01,6.918023628535280301e-02
7.077803546226277831e+00,1.057345384130185861e+00,6.354442662252659524e-01
6.504531439778659774e+00,1.022108761372276575e+00,4.707020077726490337e-01
