<?xml version="1.0" encoding="UTF-8" standalone="no"?>
<ExperimentProtocol ProtocolName="PROTOCOLS" StudyName="grmpy_v3" experId="grmpy_v3">
<ImageSequence>
<Qlux>
<Variable Name="qluxName" TYPE="java.lang.String" Value="bbl1_fracback1_231mb"/>
<Variable Name="qluxType" TYPE="java.lang.String" Value="BOLD_RPI"/>
<Variable Name="matched" TYPE="java.lang.Boolean" Value="false"/>
<Variable Name="InstanceOrder" TYPE="java.lang.String" Value="mos_repNum"/>
</Qlux>
<Geometry>
<Variable Name="nReps" TYPE="java.lang.Integer" Value="231"/>
<Variable Name="dt" TYPE="java.lang.Float" Value="3000.0"/>
<Variable Name="nVolumes" TYPE="java.lang.Integer" Value="231"/>
<Variable Name="sliceGap" TYPE="java.lang.Double" Value="0.0"/>
<Variable Name="dx" TYPE="java.lang.Float" Value="3.0"/>
<Variable Name="interSliceSpacing" TYPE="java.lang.Double" Value="3.0"/>
<Variable Name="dy" TYPE="java.lang.Float" Value="3.0"/>
<Variable Name="dz" TYPE="java.lang.Float" Value="3.0"/>
<Variable Name="nx" TYPE="java.lang.Integer" Value="64"/>
<Variable Name="ny" TYPE="java.lang.Integer" Value="64"/>
<Variable Name="nz" TYPE="java.lang.Integer" Value="46"/>
</Geometry>
<Hardware>
<Variable Name="Institute" TYPE="java.lang.String" Value="SC3T"/>
<Variable Name="MagnetManufacturer" TYPE="java.lang.String" Value="SIEMENS"/>
<Variable Name="MagnetModelName" TYPE="java.lang.String" Value="Prisma"/>
<Variable Name="TransmitterCoilName" TYPE="java.lang.String" Value="Body"/>
<Variable Name="PhysicianName" TYPE="java.lang.String" Value="SATTERTHWAITE"/>
<Variable Name="ImagedNucleus" TYPE="java.lang.String" Value="1H"/>
<Variable Name="fieldStrength" TYPE="java.lang.Double" Value="3.0"/>
<Variable Name="ImagedFrequency" TYPE="java.lang.Double" Value="123.255583"/>
</Hardware>
<MR>
<Variable Name="VariableFlipAngle" TYPE="java.lang.Boolean" Value="false"/>
<Variable Name="PartialFourierPhase" TYPE="java.lang.Boolean" Value="false"/>
<Variable Name="PhaseDirection" TYPE="java.lang.String" Value="COL"/>
<Variable Name="IsOriginal" TYPE="java.lang.Boolean" Value="true"/>
<Variable Name="SequnceProtocolName" TYPE="java.lang.String" Value="bbl1_fracback1_231mb"/>
<Variable Name="ScanningSequence" TYPE="java.lang.String" Value="EP"/>
<Variable Name="SeriesDescription" TYPE="java.lang.String" Value="bbl1_fracback1_231mb"/>
<Variable Name="FlipAngle" TYPE="java.lang.Double" Value="30.0"/>
<Variable Name="Te" TYPE="java.lang.Double" Value="32.0"/>
<Variable Name="ImageOrientationPatient" TYPE="java.lang.String" Value="1\0\0\0\1\0"/>
<Variable Name="Ti" TYPE="java.lang.Double" Value="0.0"/>
<Variable Name="SeriesNumber" TYPE="java.lang.Integer" Value="18"/>
<Variable Name="Tr" TYPE="java.lang.Double" Value="3000.0"/>
<Variable Name="Rows" TYPE="java.lang.Integer" Value="448"/>
<Variable Name="SequenceName" TYPE="java.lang.String" Value="epfid2d1_64"/>
<Variable Name="PatientPosition" TYPE="java.lang.String" Value="HFS"/>
<Variable Name="CardiacGate" TYPE="java.lang.Boolean" Value="false"/>
<Variable Name="PeripheralPulseGate" TYPE="java.lang.Boolean" Value="false"/>
<Variable Name="PixelBandwidth" TYPE="java.lang.Double" Value="2055.0"/>
<Variable Name="PartialFourierFreq" TYPE="java.lang.Boolean" Value="false"/>
<Variable Name="MrImageType" TYPE="java.lang.String" Value="M\ND\NORM\MOSAIC"/>
<Variable Name="PercentSampling" TYPE="java.lang.Double" Value="100.0"/>
<Variable Name="Fat_sat" TYPE="java.lang.Boolean" Value="true"/>
<Variable Name="echoTrainLength" TYPE="java.lang.Integer" Value="64"/>
<Variable Name="ImagePositionPatient" TYPE="java.lang.String" Value="-673.20000004768\-680.69999980927\-33.5"/>
<Variable Name="is_3D_acquisition" TYPE="java.lang.Boolean" Value="false"/>
<Variable Name="IsMosaic" TYPE="java.lang.Boolean" Value="true"/>
<Variable Name="RespiratoryGate" TYPE="java.lang.Boolean" Value="false"/>
<Variable Name="PhaseEncodeReorder" TYPE="java.lang.Boolean" Value="false"/>
<Variable Name="SequenceVariant" TYPE="java.lang.String" Value="SK\SS"/>
<Variable Name="IsMoco" TYPE="java.lang.Boolean" Value="false"/>
<Variable Name="Cols" TYPE="java.lang.Integer" Value="448"/>
<Variable Name="NumberOfAverages" TYPE="java.lang.Double" Value="1.0"/>
<Variable Name="ImagingDate" TYPE="java.util.Date" Value="2016-08-08"/>
<Variable Name="SpatialPreSaturation" TYPE="java.lang.Boolean" Value="false"/>
<Variable Name="NumberOfPhaseSteps" TYPE="java.lang.Integer" Value="64"/>
<Variable Name="PercentFOV" TYPE="java.lang.Double" Value="100.0"/>
<Variable Name="SliceThickness" TYPE="java.lang.Double" Value="3.0"/>
<Variable Name="AcquisitionMatrix" TYPE="java.lang.String" Value="64\0\0\64"/>
<Variable Name="FlowCompensation" TYPE="java.lang.Boolean" Value="false"/>
<Variable Name="PixelSpacing" TYPE="java.lang.String" Value="3\3"/>
</MR>
</ImageSequence>
<ImageSequence>
<Qlux>
<Variable Name="qluxName" TYPE="java.lang.String" Value="ASL_3DSPIRAL_V20_GE_ASL"/>
<Variable Name="qluxType" TYPE="java.lang.String" Value="PCASL_RPI"/>
<Variable Name="matched" TYPE="java.lang.Boolean" Value="false"/>
<Variable Name="InstanceOrder" TYPE="java.lang.String" Value="nznt"/>
</Qlux>
<Geometry>
<Variable Name="nReps" TYPE="java.lang.Integer" Value="80"/>
<Variable Name="dt" TYPE="java.lang.Float" Value="4000.0"/>
<Variable Name="nVolumes" TYPE="java.lang.Integer" Value="80"/>
<Variable Name="sliceGap" TYPE="java.lang.Double" Value="0.0"/>
<Variable Name="dx" TYPE="java.lang.Float" Value="3.75"/>
<Variable Name="interSliceSpacing" TYPE="java.lang.Double" Value="0.0"/>
<Variable Name="dy" TYPE="java.lang.Float" Value="3.75"/>
<Variable Name="dz" TYPE="java.lang.Float" Value="3.75"/>
<Variable Name="nx" TYPE="java.lang.Integer" Value="64"/>
<Variable Name="ny" TYPE="java.lang.Integer" Value="64"/>
<Variable Name="nz" TYPE="java.lang.Integer" Value="32"/>
</Geometry>
<Hardware>
<Variable Name="Institute" TYPE="java.lang.String" Value="SC3T"/>
<Variable Name="MagnetManufacturer" TYPE="java.lang.String" Value="SIEMENS"/>
<Variable Name="MagnetModelName" TYPE="java.lang.String" Value="Prisma"/>
<Variable Name="TransmitterCoilName" TYPE="java.lang.String" Value="Body"/>
<Variable Name="PhysicianName" TYPE="java.lang.String" Value="SATTERTHWAITE"/>
<Variable Name="ImagedNucleus" TYPE="java.lang.String" Value="1H"/>
<Variable Name="fieldStrength" TYPE="java.lang.Double" Value="3.0"/>
<Variable Name="ImagedFrequency" TYPE="java.lang.Double" Value="123.255578"/>
</Hardware>
<MR>
<Variable Name="VariableFlipAngle" TYPE="java.lang.Boolean" Value="false"/>
<Variable Name="PartialFourierPhase" TYPE="java.lang.Boolean" Value="false"/>
<Variable Name="PhaseDirection" TYPE="java.lang.String" Value="COL"/>
<Variable Name="IsOriginal" TYPE="java.lang.Boolean" Value="true"/>
<Variable Name="SequnceProtocolName" TYPE="java.lang.String" Value="ASL_3DSPIRAL_V20_GE"/>
<Variable Name="ScanningSequence" TYPE="java.lang.String" Value="RM"/>
<Variable Name="SeriesDescription" TYPE="java.lang.String" Value="ASL_3DSPIRAL_V20_GE_ASL"/>
<Variable Name="FlipAngle" TYPE="java.lang.Double" Value="90.0"/>
<Variable Name="Te" TYPE="java.lang.Double" Value="10.03"/>
<Variable Name="ImageOrientationPatient" TYPE="java.lang.String" Value="1\0\0\0\1\0"/>
<Variable Name="Ti" TYPE="java.lang.Double" Value="0.0"/>
<Variable Name="SeriesNumber" TYPE="java.lang.Integer" Value="13"/>
<Variable Name="Tr" TYPE="java.lang.Double" Value="4000.0"/>
<Variable Name="Rows" TYPE="java.lang.Integer" Value="64"/>
<Variable Name="SequenceName" TYPE="java.lang.String" Value="Sp3d1"/>
<Variable Name="PatientPosition" TYPE="java.lang.String" Value="HFS"/>
<Variable Name="CardiacGate" TYPE="java.lang.Boolean" Value="false"/>
<Variable Name="PeripheralPulseGate" TYPE="java.lang.Boolean" Value="false"/>
<Variable Name="PixelBandwidth" TYPE="java.lang.Double" Value="400.0"/>
<Variable Name="PartialFourierFreq" TYPE="java.lang.Boolean" Value="false"/>
<Variable Name="MrImageType" TYPE="java.lang.String" Value="M\ND"/>
<Variable Name="PercentSampling" TYPE="java.lang.Double" Value="100.0"/>
<Variable Name="Fat_sat" TYPE="java.lang.Boolean" Value="true"/>
<Variable Name="echoTrainLength" TYPE="java.lang.Integer" Value="1"/>
<Variable Name="ImagePositionPatient" TYPE="java.lang.String" Value="-120\-141.68674659729\9.8268089294434"/>
<Variable Name="is_3D_acquisition" TYPE="java.lang.Boolean" Value="true"/>
<Variable Name="IsMosaic" TYPE="java.lang.Boolean" Value="false"/>
<Variable Name="RespiratoryGate" TYPE="java.lang.Boolean" Value="false"/>
<Variable Name="PhaseEncodeReorder" TYPE="java.lang.Boolean" Value="false"/>
<Variable Name="SequenceVariant" TYPE="java.lang.String" Value="SS"/>
<Variable Name="IsMoco" TYPE="java.lang.Boolean" Value="false"/>
<Variable Name="Cols" TYPE="java.lang.Integer" Value="64"/>
<Variable Name="NumberOfAverages" TYPE="java.lang.Double" Value="1.0"/>
<Variable Name="ImagingDate" TYPE="java.util.Date" Value="2016-08-08"/>
<Variable Name="SpatialPreSaturation" TYPE="java.lang.Boolean" Value="false"/>
<Variable Name="NumberOfPhaseSteps" TYPE="java.lang.Integer" Value="2"/>
<Variable Name="PercentFOV" TYPE="java.lang.Double" Value="100.0"/>
<Variable Name="SliceThickness" TYPE="java.lang.Double" Value="3.75"/>
<Variable Name="AcquisitionMatrix" TYPE="java.lang.String" Value="64\0\0\64"/>
<Variable Name="FlowCompensation" TYPE="java.lang.Boolean" Value="false"/>
<Variable Name="PixelSpacing" TYPE="java.lang.String" Value="3.75\3.75"/>
</MR>
</ImageSequence>
<ImageSequence>
<Qlux>
<Variable Name="qluxName" TYPE="java.lang.String" Value="restingBOLD_mb6_1200"/>
<Variable Name="qluxType" TYPE="java.lang.String" Value="BOLD_RPI"/>
<Variable Name="matched" TYPE="java.lang.Boolean" Value="false"/>
<Variable Name="InstanceOrder" TYPE="java.lang.String" Value="mos_repNum"/>
</Qlux>
<Geometry>
<Variable Name="nReps" TYPE="java.lang.Integer" Value="1200"/>
<Variable Name="dt" TYPE="java.lang.Float" Value="500.0"/>
<Variable Name="nVolumes" TYPE="java.lang.Integer" Value="1200"/>
<Variable Name="sliceGap" TYPE="java.lang.Double" Value="0.0"/>
<Variable Name="dx" TYPE="java.lang.Float" Value="3.0"/>
<Variable Name="interSliceSpacing" TYPE="java.lang.Double" Value="3.0"/>
<Variable Name="dy" TYPE="java.lang.Float" Value="3.0"/>
<Variable Name="dz" TYPE="java.lang.Float" Value="3.0"/>
<Variable Name="nx" TYPE="java.lang.Integer" Value="64"/>
<Variable Name="ny" TYPE="java.lang.Integer" Value="64"/>
<Variable Name="nz" TYPE="java.lang.Integer" Value="48"/>
</Geometry>
<Hardware>
<Variable Name="Institute" TYPE="java.lang.String" Value="SC3T"/>
<Variable Name="MagnetManufacturer" TYPE="java.lang.String" Value="SIEMENS"/>
<Variable Name="MagnetModelName" TYPE="java.lang.String" Value="Prisma"/>
<Variable Name="TransmitterCoilName" TYPE="java.lang.String" Value="Body"/>
<Variable Name="PhysicianName" TYPE="java.lang.String" Value="SATTERTHWAITE"/>
<Variable Name="ImagedNucleus" TYPE="java.lang.String" Value="1H"/>
<Variable Name="fieldStrength" TYPE="java.lang.Double" Value="3.0"/>
<Variable Name="ImagedFrequency" TYPE="java.lang.Double" Value="123.255576"/>
</Hardware>
<MR>
<Variable Name="VariableFlipAngle" TYPE="java.lang.Boolean" Value="false"/>
<Variable Name="PartialFourierPhase" TYPE="java.lang.Boolean" Value="false"/>
<Variable Name="PhaseDirection" TYPE="java.lang.String" Value="COL"/>
<Variable Name="IsOriginal" TYPE="java.lang.Boolean" Value="true"/>
<Variable Name="SequnceProtocolName" TYPE="java.lang.String" Value="restingBOLD_mb6_1200"/>
<Variable Name="ScanningSequence" TYPE="java.lang.String" Value="EP"/>
<Variable Name="SeriesDescription" TYPE="java.lang.String" Value="restingBOLD_mb6_1200"/>
<Variable Name="FlipAngle" TYPE="java.lang.Double" Value="30.0"/>
<Variable Name="Te" TYPE="java.lang.Double" Value="25.0"/>
<Variable Name="ImageOrientationPatient" TYPE="java.lang.String" Value="1\0\0\0\1\0"/>
<Variable Name="Ti" TYPE="java.lang.Double" Value="0.0"/>
<Variable Name="SeriesNumber" TYPE="java.lang.Integer" Value="10"/>
<Variable Name="Tr" TYPE="java.lang.Double" Value="500.0"/>
<Variable Name="Rows" TYPE="java.lang.Integer" Value="448"/>
<Variable Name="SequenceName" TYPE="java.lang.String" Value="epfid2d1_64"/>
<Variable Name="PatientPosition" TYPE="java.lang.String" Value="HFS"/>
<Variable Name="CardiacGate" TYPE="java.lang.Boolean" Value="false"/>
<Variable Name="PeripheralPulseGate" TYPE="java.lang.Boolean" Value="false"/>
<Variable Name="PixelBandwidth" TYPE="java.lang.Double" Value="2110.0"/>
<Variable Name="PartialFourierFreq" TYPE="java.lang.Boolean" Value="false"/>
<Variable Name="MrImageType" TYPE="java.lang.String" Value="M\MB\ND\NORM\MOSAIC"/>
<Variable Name="PercentSampling" TYPE="java.lang.Double" Value="100.0"/>
<Variable Name="ImageComments" TYPE="java.lang.String" Value="Unaliased MB6/PE3 "/>
<Variable Name="Fat_sat" TYPE="java.lang.Boolean" Value="true"/>
<Variable Name="echoTrainLength" TYPE="java.lang.Integer" Value="64"/>
<Variable Name="ImagePositionPatient" TYPE="java.lang.String" Value="-673.20000004768\-680.69999980927\-36.5"/>
<Variable Name="is_3D_acquisition" TYPE="java.lang.Boolean" Value="false"/>
<Variable Name="IsMosaic" TYPE="java.lang.Boolean" Value="true"/>
<Variable Name="RespiratoryGate" TYPE="java.lang.Boolean" Value="false"/>
<Variable Name="PhaseEncodeReorder" TYPE="java.lang.Boolean" Value="false"/>
<Variable Name="SequenceVariant" TYPE="java.lang.String" Value="SK\SS"/>
<Variable Name="IsMoco" TYPE="java.lang.Boolean" Value="false"/>
<Variable Name="Cols" TYPE="java.lang.Integer" Value="448"/>
<Variable Name="NumberOfAverages" TYPE="java.lang.Double" Value="1.0"/>
<Variable Name="ImagingDate" TYPE="java.util.Date" Value="2016-08-08"/>
<Variable Name="SpatialPreSaturation" TYPE="java.lang.Boolean" Value="false"/>
<Variable Name="NumberOfPhaseSteps" TYPE="java.lang.Integer" Value="64"/>
<Variable Name="PercentFOV" TYPE="java.lang.Double" Value="100.0"/>
<Variable Name="SliceThickness" TYPE="java.lang.Double" Value="3.0"/>
<Variable Name="AcquisitionMatrix" TYPE="java.lang.String" Value="64\0\0\64"/>
<Variable Name="FlowCompensation" TYPE="java.lang.Boolean" Value="false"/>
<Variable Name="PixelSpacing" TYPE="java.lang.String" Value="3\3"/>
</MR>
</ImageSequence>
<ImageSequence>
<Qlux>
<Variable Name="qluxName" TYPE="java.lang.String" Value="B0map_P"/>
<Variable Name="qluxType" TYPE="java.lang.String" Value="B0MAP_ANTS"/>
<Variable Name="matched" TYPE="java.lang.Boolean" Value="false"/>
<Variable Name="InstanceOrder" TYPE="java.lang.String" Value="nznt"/>
</Qlux>
<Geometry>
<Variable Name="nReps" TYPE="java.lang.Integer" Value="1"/>
<Variable Name="dt" TYPE="java.lang.Float" Value="580.0"/>
<Variable Name="nVolumes" TYPE="java.lang.Integer" Value="1"/>
<Variable Name="sliceGap" TYPE="java.lang.Double" Value="0.0"/>
<Variable Name="dx" TYPE="java.lang.Float" Value="3.0"/>
<Variable Name="interSliceSpacing" TYPE="java.lang.Double" Value="3.0"/>
<Variable Name="dy" TYPE="java.lang.Float" Value="3.0"/>
<Variable Name="dz" TYPE="java.lang.Float" Value="3.0"/>
<Variable Name="nx" TYPE="java.lang.Integer" Value="80"/>
<Variable Name="ny" TYPE="java.lang.Integer" Value="80"/>
<Variable Name="nz" TYPE="java.lang.Integer" Value="60"/>
</Geometry>
<Hardware>
<Variable Name="Institute" TYPE="java.lang.String" Value="SC3T"/>
<Variable Name="MagnetManufacturer" TYPE="java.lang.String" Value="SIEMENS"/>
<Variable Name="MagnetModelName" TYPE="java.lang.String" Value="Prisma"/>
<Variable Name="TransmitterCoilName" TYPE="java.lang.String" Value="Body"/>
<Variable Name="PhysicianName" TYPE="java.lang.String" Value="SATTERTHWAITE"/>
<Variable Name="ImagedNucleus" TYPE="java.lang.String" Value="1H"/>
<Variable Name="fieldStrength" TYPE="java.lang.Double" Value="3.0"/>
<Variable Name="ImagedFrequency" TYPE="java.lang.Double" Value="123.255581"/>
</Hardware>
<MR>
<Variable Name="VariableFlipAngle" TYPE="java.lang.Boolean" Value="false"/>
<Variable Name="PartialFourierPhase" TYPE="java.lang.Boolean" Value="false"/>
<Variable Name="PhaseDirection" TYPE="java.lang.String" Value="COL"/>
<Variable Name="IsOriginal" TYPE="java.lang.Boolean" Value="true"/>
<Variable Name="SequnceProtocolName" TYPE="java.lang.String" Value="B0map"/>
<Variable Name="ScanningSequence" TYPE="java.lang.String" Value="GR"/>
<Variable Name="SeriesDescription" TYPE="java.lang.String" Value="B0map"/>
<Variable Name="FlipAngle" TYPE="java.lang.Double" Value="45.0"/>
<Variable Name="Te" TYPE="java.lang.Double" Value="6.58"/>
<Variable Name="ImageOrientationPatient" TYPE="java.lang.String" Value="1\0\0\0\1\0"/>
<Variable Name="Ti" TYPE="java.lang.Double" Value="0.0"/>
<Variable Name="SeriesNumber" TYPE="java.lang.Integer" Value="9"/>
<Variable Name="Tr" TYPE="java.lang.Double" Value="580.0"/>
<Variable Name="Rows" TYPE="java.lang.Integer" Value="80"/>
<Variable Name="SequenceName" TYPE="java.lang.String" Value="*fm2d2r"/>
<Variable Name="PatientPosition" TYPE="java.lang.String" Value="HFS"/>
<Variable Name="CardiacGate" TYPE="java.lang.Boolean" Value="false"/>
<Variable Name="PeripheralPulseGate" TYPE="java.lang.Boolean" Value="false"/>
<Variable Name="PixelBandwidth" TYPE="java.lang.Double" Value="260.0"/>
<Variable Name="PartialFourierFreq" TYPE="java.lang.Boolean" Value="false"/>
<Variable Name="MrImageType" TYPE="java.lang.String" Value="P\ND"/>
<Variable Name="PercentSampling" TYPE="java.lang.Double" Value="100.0"/>
<Variable Name="Fat_sat" TYPE="java.lang.Boolean" Value="false"/>
<Variable Name="echoTrainLength" TYPE="java.lang.Integer" Value="0"/>
<Variable Name="ImagePositionPatient" TYPE="java.lang.String" Value="-123.01204824448\-132.31325340271\54.885543823242"/>
<Variable Name="is_3D_acquisition" TYPE="java.lang.Boolean" Value="false"/>
<Variable Name="IsMosaic" TYPE="java.lang.Boolean" Value="false"/>
<Variable Name="RespiratoryGate" TYPE="java.lang.Boolean" Value="false"/>
<Variable Name="PhaseEncodeReorder" TYPE="java.lang.Boolean" Value="false"/>
<Variable Name="SequenceVariant" TYPE="java.lang.String" Value="SP"/>
<Variable Name="IsMoco" TYPE="java.lang.Boolean" Value="false"/>
<Variable Name="Cols" TYPE="java.lang.Integer" Value="80"/>
<Variable Name="NumberOfAverages" TYPE="java.lang.Double" Value="1.0"/>
<Variable Name="ImagingDate" TYPE="java.util.Date" Value="2016-08-08"/>
<Variable Name="SpatialPreSaturation" TYPE="java.lang.Boolean" Value="false"/>
<Variable Name="NumberOfPhaseSteps" TYPE="java.lang.Integer" Value="80"/>
<Variable Name="PercentFOV" TYPE="java.lang.Double" Value="100.0"/>
<Variable Name="SliceThickness" TYPE="java.lang.Double" Value="3.0"/>
<Variable Name="AcquisitionMatrix" TYPE="java.lang.String" Value="80\0\0\80"/>
<Variable Name="FlowCompensation" TYPE="java.lang.Boolean" Value="false"/>
<Variable Name="PixelSpacing" TYPE="java.lang.String" Value="3\3"/>
</MR>
</ImageSequence>
<ImageSequence>
<Qlux>
<Variable Name="qluxName" TYPE="java.lang.String" Value="T2_sagittal_SPACE"/>
<Variable Name="qluxType" TYPE="java.lang.String" Value="STRUCTURAL_RPI"/>
<Variable Name="matched" TYPE="java.lang.Boolean" Value="false"/>
<Variable Name="InstanceOrder" TYPE="java.lang.String" Value="nznt"/>
</Qlux>
<Geometry>
<Variable Name="nReps" TYPE="java.lang.Integer" Value="1"/>
<Variable Name="dt" TYPE="java.lang.Float" Value="3200.0"/>
<Variable Name="nVolumes" TYPE="java.lang.Integer" Value="1"/>
<Variable Name="sliceGap" TYPE="java.lang.Double" Value="0.0"/>
<Variable Name="dx" TYPE="java.lang.Float" Value="0.9765625"/>
<Variable Name="interSliceSpacing" TYPE="java.lang.Double" Value="0.0"/>
<Variable Name="dy" TYPE="java.lang.Float" Value="0.9765625"/>
<Variable Name="dz" TYPE="java.lang.Float" Value="1.0"/>
<Variable Name="nx" TYPE="java.lang.Integer" Value="256"/>
<Variable Name="ny" TYPE="java.lang.Integer" Value="256"/>
<Variable Name="nz" TYPE="java.lang.Integer" Value="176"/>
</Geometry>
<Hardware>
<Variable Name="Institute" TYPE="java.lang.String" Value="SC3T"/>
<Variable Name="MagnetManufacturer" TYPE="java.lang.String" Value="SIEMENS"/>
<Variable Name="MagnetModelName" TYPE="java.lang.String" Value="Prisma"/>
<Variable Name="TransmitterCoilName" TYPE="java.lang.String" Value="Body"/>
<Variable Name="PhysicianName" TYPE="java.lang.String" Value="SATTERTHWAITE"/>
<Variable Name="ImagedNucleus" TYPE="java.lang.String" Value="1H"/>
<Variable Name="fieldStrength" TYPE="java.lang.Double" Value="3.0"/>
<Variable Name="ImagedFrequency" TYPE="java.lang.Double" Value="123.255586"/>
</Hardware>
<MR>
<Variable Name="VariableFlipAngle" TYPE="java.lang.Boolean" Value="true"/>
<Variable Name="PartialFourierPhase" TYPE="java.lang.Boolean" Value="true"/>
<Variable Name="PhaseDirection" TYPE="java.lang.String" Value="ROW"/>
<Variable Name="IsOriginal" TYPE="java.lang.Boolean" Value="true"/>
<Variable Name="SequnceProtocolName" TYPE="java.lang.String" Value="T2_sagittal_SPACE"/>
<Variable Name="ScanningSequence" TYPE="java.lang.String" Value="SE"/>
<Variable Name="SeriesDescription" TYPE="java.lang.String" Value="T2_sagittal_SPACE"/>
<Variable Name="FlipAngle" TYPE="java.lang.Double" Value="120.0"/>
<Variable Name="Te" TYPE="java.lang.Double" Value="408.0"/>
<Variable Name="ImageOrientationPatient" TYPE="java.lang.String" Value="0\1\0\0\0\-1"/>
<Variable Name="Ti" TYPE="java.lang.Double" Value="0.0"/>
<Variable Name="SeriesNumber" TYPE="java.lang.Integer" Value="7"/>
<Variable Name="Tr" TYPE="java.lang.Double" Value="3200.0"/>
<Variable Name="Rows" TYPE="java.lang.Integer" Value="256"/>
<Variable Name="SequenceName" TYPE="java.lang.String" Value="*spc_282ns"/>
<Variable Name="PatientPosition" TYPE="java.lang.String" Value="HFS"/>
<Variable Name="CardiacGate" TYPE="java.lang.Boolean" Value="false"/>
<Variable Name="PeripheralPulseGate" TYPE="java.lang.Boolean" Value="false"/>
<Variable Name="PixelBandwidth" TYPE="java.lang.Double" Value="750.0"/>
<Variable Name="PartialFourierFreq" TYPE="java.lang.Boolean" Value="false"/>
<Variable Name="MrImageType" TYPE="java.lang.String" Value="M\ND\NORM"/>
<Variable Name="PercentSampling" TYPE="java.lang.Double" Value="100.0"/>
<Variable Name="Fat_sat" TYPE="java.lang.Boolean" Value="false"/>
<Variable Name="echoTrainLength" TYPE="java.lang.Integer" Value="259"/>
<Variable Name="ImagePositionPatient" TYPE="java.lang.String" Value="83.644578337669\-144.87700462341\133.45259094238"/>
<Variable Name="is_3D_acquisition" TYPE="java.lang.Boolean" Value="true"/>
<Variable Name="IsMosaic" TYPE="java.lang.Boolean" Value="false"/>
<Variable Name="RespiratoryGate" TYPE="java.lang.Boolean" Value="false"/>
<Variable Name="PhaseEncodeReorder" TYPE="java.lang.Boolean" Value="false"/>
<Variable Name="SequenceVariant" TYPE="java.lang.String" Value="SK\SP"/>
<Variable Name="IsMoco" TYPE="java.lang.Boolean" Value="false"/>
<Variable Name="Cols" TYPE="java.lang.Integer" Value="256"/>
<Variable Name="NumberOfAverages" TYPE="java.lang.Double" Value="1.0"/>
<Variable Name="ImagingDate" TYPE="java.util.Date" Value="2016-08-08"/>
<Variable Name="SpatialPreSaturation" TYPE="java.lang.Boolean" Value="false"/>
<Variable Name="NumberOfPhaseSteps" TYPE="java.lang.Integer" Value="233"/>
<Variable Name="PercentFOV" TYPE="java.lang.Double" Value="100.0"/>
<Variable Name="SliceThickness" TYPE="java.lang.Double" Value="1.0"/>
<Variable Name="AcquisitionMatrix" TYPE="java.lang.String" Value="0\256\256\0"/>
<Variable Name="FlowCompensation" TYPE="java.lang.Boolean" Value="false"/>
<Variable Name="PixelSpacing" TYPE="java.lang.String" Value="0.9765625\0.9765625"/>
</MR>
</ImageSequence>
<ImageSequence>
<Qlux>
<Variable Name="qluxName" TYPE="java.lang.String" Value="ASL_3DSPIRAL_V20_GE_MeanPerf"/>
<Variable Name="qluxType" TYPE="java.lang.String" Value="PCASL_RPI"/>
<Variable Name="matched" TYPE="java.lang.Boolean" Value="false"/>
<Variable Name="InstanceOrder" TYPE="java.lang.String" Value="nznt"/>
</Qlux>
<Geometry>
<Variable Name="nReps" TYPE="java.lang.Integer" Value="1"/>
<Variable Name="dt" TYPE="java.lang.Float" Value="4000.0"/>
<Variable Name="nVolumes" TYPE="java.lang.Integer" Value="1"/>
<Variable Name="sliceGap" TYPE="java.lang.Double" Value="0.0"/>
<Variable Name="dx" TYPE="java.lang.Float" Value="3.75"/>
<Variable Name="interSliceSpacing" TYPE="java.lang.Double" Value="0.0"/>
<Variable Name="dy" TYPE="java.lang.Float" Value="3.75"/>
<Variable Name="dz" TYPE="java.lang.Float" Value="3.75"/>
<Variable Name="nx" TYPE="java.lang.Integer" Value="64"/>
<Variable Name="ny" TYPE="java.lang.Integer" Value="64"/>
<Variable Name="nz" TYPE="java.lang.Integer" Value="32"/>
</Geometry>
<Hardware>
<Variable Name="Institute" TYPE="java.lang.String" Value="SC3T"/>
<Variable Name="MagnetManufacturer" TYPE="java.lang.String" Value="SIEMENS"/>
<Variable Name="MagnetModelName" TYPE="java.lang.String" Value="Prisma"/>
<Variable Name="TransmitterCoilName" TYPE="java.lang.String" Value="Body"/>
<Variable Name="PhysicianName" TYPE="java.lang.String" Value="SATTERTHWAITE"/>
<Variable Name="ImagedNucleus" TYPE="java.lang.String" Value="1H"/>
<Variable Name="fieldStrength" TYPE="java.lang.Double" Value="3.0"/>
<Variable Name="ImagedFrequency" TYPE="java.lang.Double" Value="123.255"/>
</Hardware>
<MR>
<Variable Name="VariableFlipAngle" TYPE="java.lang.Boolean" Value="false"/>
<Variable Name="PartialFourierPhase" TYPE="java.lang.Boolean" Value="false"/>
<Variable Name="PhaseDirection" TYPE="java.lang.String" Value="COL"/>
<Variable Name="IsOriginal" TYPE="java.lang.Boolean" Value="true"/>
<Variable Name="SequnceProtocolName" TYPE="java.lang.String" Value="ASL_3DSPIRAL_V20_GE"/>
<Variable Name="ScanningSequence" TYPE="java.lang.String" Value="RM"/>
<Variable Name="SeriesDescription" TYPE="java.lang.String" Value="ASL_3DSPIRAL_V20_GE_MeanPerf"/>
<Variable Name="FlipAngle" TYPE="java.lang.Double" Value="90.0"/>
<Variable Name="Te" TYPE="java.lang.Double" Value="10.03"/>
<Variable Name="ImageOrientationPatient" TYPE="java.lang.String" Value="1\0\0\0\1\0"/>
<Variable Name="Ti" TYPE="java.lang.Double" Value="0.0"/>
<Variable Name="SeriesNumber" TYPE="java.lang.Integer" Value="14"/>
<Variable Name="Tr" TYPE="java.lang.Double" Value="4000.0"/>
<Variable Name="Rows" TYPE="java.lang.Integer" Value="64"/>
<Variable Name="SequenceName" TYPE="java.lang.String" Value="Sp3d1"/>
<Variable Name="PatientPosition" TYPE="java.lang.String" Value="HFS"/>
<Variable Name="CardiacGate" TYPE="java.lang.Boolean" Value="false"/>
<Variable Name="PeripheralPulseGate" TYPE="java.lang.Boolean" Value="false"/>
<Variable Name="PixelBandwidth" TYPE="java.lang.Double" Value="400.0"/>
<Variable Name="PartialFourierFreq" TYPE="java.lang.Boolean" Value="false"/>
<Variable Name="MrImageType" TYPE="java.lang.String" Value="M\ND"/>
<Variable Name="PercentSampling" TYPE="java.lang.Double" Value="100.0"/>
<Variable Name="Fat_sat" TYPE="java.lang.Boolean" Value="true"/>
<Variable Name="echoTrainLength" TYPE="java.lang.Integer" Value="1"/>
<Variable Name="ImagePositionPatient" TYPE="java.lang.String" Value="-120\-141.68674659729\58.576808929443"/>
<Variable Name="is_3D_acquisition" TYPE="java.lang.Boolean" Value="true"/>
<Variable Name="IsMosaic" TYPE="java.lang.Boolean" Value="false"/>
<Variable Name="RespiratoryGate" TYPE="java.lang.Boolean" Value="false"/>
<Variable Name="PhaseEncodeReorder" TYPE="java.lang.Boolean" Value="false"/>
<Variable Name="SequenceVariant" TYPE="java.lang.String" Value="SS"/>
<Variable Name="IsMoco" TYPE="java.lang.Boolean" Value="false"/>
<Variable Name="Cols" TYPE="java.lang.Integer" Value="64"/>
<Variable Name="NumberOfAverages" TYPE="java.lang.Double" Value="1.0"/>
<Variable Name="ImagingDate" TYPE="java.util.Date" Value="2016-08-08"/>
<Variable Name="SpatialPreSaturation" TYPE="java.lang.Boolean" Value="false"/>
<Variable Name="NumberOfPhaseSteps" TYPE="java.lang.Integer" Value="2"/>
<Variable Name="PercentFOV" TYPE="java.lang.Double" Value="100.0"/>
<Variable Name="SliceThickness" TYPE="java.lang.Double" Value="3.75"/>
<Variable Name="AcquisitionMatrix" TYPE="java.lang.String" Value="64\0\0\64"/>
<Variable Name="FlowCompensation" TYPE="java.lang.Boolean" Value="false"/>
<Variable Name="PixelSpacing" TYPE="java.lang.String" Value="3.75\3.75"/>
</MR>
</ImageSequence>
<ImageSequence>
<Qlux>
<Variable Name="qluxName" TYPE="java.lang.String" Value="bbl1_restbold1_124mb"/>
<Variable Name="qluxType" TYPE="java.lang.String" Value="BOLD_RPI"/>
<Variable Name="matched" TYPE="java.lang.Boolean" Value="false"/>
<Variable Name="InstanceOrder" TYPE="java.lang.String" Value="mos_repNum"/>
</Qlux>
<Geometry>
<Variable Name="nReps" TYPE="java.lang.Integer" Value="124"/>
<Variable Name="dt" TYPE="java.lang.Float" Value="3000.0"/>
<Variable Name="nVolumes" TYPE="java.lang.Integer" Value="124"/>
<Variable Name="sliceGap" TYPE="java.lang.Double" Value="0.0"/>
<Variable Name="dx" TYPE="java.lang.Float" Value="3.0"/>
<Variable Name="interSliceSpacing" TYPE="java.lang.Double" Value="3.0"/>
<Variable Name="dy" TYPE="java.lang.Float" Value="3.0"/>
<Variable Name="dz" TYPE="java.lang.Float" Value="3.0"/>
<Variable Name="nx" TYPE="java.lang.Integer" Value="64"/>
<Variable Name="ny" TYPE="java.lang.Integer" Value="64"/>
<Variable Name="nz" TYPE="java.lang.Integer" Value="46"/>
</Geometry>
<Hardware>
<Variable Name="Institute" TYPE="java.lang.String" Value="SC3T"/>
<Variable Name="MagnetManufacturer" TYPE="java.lang.String" Value="SIEMENS"/>
<Variable Name="MagnetModelName" TYPE="java.lang.String" Value="Prisma"/>
<Variable Name="TransmitterCoilName" TYPE="java.lang.String" Value="Body"/>
<Variable Name="PhysicianName" TYPE="java.lang.String" Value="SATTERTHWAITE"/>
<Variable Name="ImagedNucleus" TYPE="java.lang.String" Value="1H"/>
<Variable Name="fieldStrength" TYPE="java.lang.Double" Value="3.0"/>
<Variable Name="ImagedFrequency" TYPE="java.lang.Double" Value="123.255578"/>
</Hardware>
<MR>
<Variable Name="VariableFlipAngle" TYPE="java.lang.Boolean" Value="false"/>
<Variable Name="PartialFourierPhase" TYPE="java.lang.Boolean" Value="false"/>
<Variable Name="PhaseDirection" TYPE="java.lang.String" Value="COL"/>
<Variable Name="IsOriginal" TYPE="java.lang.Boolean" Value="true"/>
<Variable Name="SequnceProtocolName" TYPE="java.lang.String" Value="bbl1_restbold1_124mb"/>
<Variable Name="ScanningSequence" TYPE="java.lang.String" Value="EP"/>
<Variable Name="SeriesDescription" TYPE="java.lang.String" Value="bbl1_restbold1_124mb"/>
<Variable Name="FlipAngle" TYPE="java.lang.Double" Value="30.0"/>
<Variable Name="Te" TYPE="java.lang.Double" Value="32.0"/>
<Variable Name="ImageOrientationPatient" TYPE="java.lang.String" Value="1\0\0\0\1\0"/>
<Variable Name="Ti" TYPE="java.lang.Double" Value="0.0"/>
<Variable Name="SeriesNumber" TYPE="java.lang.Integer" Value="11"/>
<Variable Name="Tr" TYPE="java.lang.Double" Value="3000.0"/>
<Variable Name="Rows" TYPE="java.lang.Integer" Value="448"/>
<Variable Name="SequenceName" TYPE="java.lang.String" Value="epfid2d1_64"/>
<Variable Name="PatientPosition" TYPE="java.lang.String" Value="HFS"/>
<Variable Name="CardiacGate" TYPE="java.lang.Boolean" Value="false"/>
<Variable Name="PeripheralPulseGate" TYPE="java.lang.Boolean" Value="false"/>
<Variable Name="PixelBandwidth" TYPE="java.lang.Double" Value="2055.0"/>
<Variable Name="PartialFourierFreq" TYPE="java.lang.Boolean" Value="false"/>
<Variable Name="MrImageType" TYPE="java.lang.String" Value="M\ND\NORM\MOSAIC"/>
<Variable Name="PercentSampling" TYPE="java.lang.Double" Value="100.0"/>
<Variable Name="Fat_sat" TYPE="java.lang.Boolean" Value="true"/>
<Variable Name="echoTrainLength" TYPE="java.lang.Integer" Value="64"/>
<Variable Name="ImagePositionPatient" TYPE="java.lang.String" Value="-673.20000004768\-680.69999980927\-33.5"/>
<Variable Name="is_3D_acquisition" TYPE="java.lang.Boolean" Value="false"/>
<Variable Name="IsMosaic" TYPE="java.lang.Boolean" Value="true"/>
<Variable Name="RespiratoryGate" TYPE="java.lang.Boolean" Value="false"/>
<Variable Name="PhaseEncodeReorder" TYPE="java.lang.Boolean" Value="false"/>
<Variable Name="SequenceVariant" TYPE="java.lang.String" Value="SK\SS"/>
<Variable Name="IsMoco" TYPE="java.lang.Boolean" Value="false"/>
<Variable Name="Cols" TYPE="java.lang.Integer" Value="448"/>
<Variable Name="NumberOfAverages" TYPE="java.lang.Double" Value="1.0"/>
<Variable Name="ImagingDate" TYPE="java.util.Date" Value="2016-08-08"/>
<Variable Name="SpatialPreSaturation" TYPE="java.lang.Boolean" Value="false"/>
<Variable Name="NumberOfPhaseSteps" TYPE="java.lang.Integer" Value="64"/>
<Variable Name="PercentFOV" TYPE="java.lang.Double" Value="100.0"/>
<Variable Name="SliceThickness" TYPE="java.lang.Double" Value="3.0"/>
<Variable Name="AcquisitionMatrix" TYPE="java.lang.String" Value="64\0\0\64"/>
<Variable Name="FlowCompensation" TYPE="java.lang.Boolean" Value="false"/>
<Variable Name="PixelSpacing" TYPE="java.lang.String" Value="3\3"/>
</MR>
</ImageSequence>
<ImageSequence>
<Qlux>
<Variable Name="qluxName" TYPE="java.lang.String" Value="B0map_M"/>
<Variable Name="qluxType" TYPE="java.lang.String" Value="B0MAP_ANTS"/>
<Variable Name="matched" TYPE="java.lang.Boolean" Value="false"/>
</Qlux>
<Geometry>
<Variable Name="nReps" TYPE="java.lang.Integer" Value="2"/>
<Variable Name="dt" TYPE="java.lang.Float" Value="580.0"/>
<Variable Name="nVolumes" TYPE="java.lang.Integer" Value="2"/>
<Variable Name="sliceGap" TYPE="java.lang.Double" Value="0.0"/>
<Variable Name="dx" TYPE="java.lang.Float" Value="3.0"/>
<Variable Name="interSliceSpacing" TYPE="java.lang.Double" Value="3.0"/>
<Variable Name="dy" TYPE="java.lang.Float" Value="3.0"/>
<Variable Name="dz" TYPE="java.lang.Float" Value="3.0"/>
<Variable Name="nx" TYPE="java.lang.Integer" Value="80"/>
<Variable Name="ny" TYPE="java.lang.Integer" Value="80"/>
<Variable Name="nz" TYPE="java.lang.Integer" Value="60"/>
</Geometry>
<Hardware>
<Variable Name="Institute" TYPE="java.lang.String" Value="SC3T"/>
<Variable Name="MagnetManufacturer" TYPE="java.lang.String" Value="SIEMENS"/>
<Variable Name="MagnetModelName" TYPE="java.lang.String" Value="Prisma"/>
<Variable Name="TransmitterCoilName" TYPE="java.lang.String" Value="Body"/>
<Variable Name="PhysicianName" TYPE="java.lang.String" Value="SATTERTHWAITE"/>
<Variable Name="ImagedNucleus" TYPE="java.lang.String" Value="1H"/>
<Variable Name="fieldStrength" TYPE="java.lang.Double" Value="3.0"/>
<Variable Name="ImagedFrequency" TYPE="java.lang.Double" Value="123.255581"/>
</Hardware>
<MR>
<Variable Name="VariableFlipAngle" TYPE="java.lang.Boolean" Value="false"/>
<Variable Name="PartialFourierPhase" TYPE="java.lang.Boolean" Value="false"/>
<Variable Name="PhaseDirection" TYPE="java.lang.String" Value="COL"/>
<Variable Name="IsOriginal" TYPE="java.lang.Boolean" Value="true"/>
<Variable Name="SequnceProtocolName" TYPE="java.lang.String" Value="B0map"/>
<Variable Name="ScanningSequence" TYPE="java.lang.String" Value="GR"/>
<Variable Name="SeriesDescription" TYPE="java.lang.String" Value="B0map"/>
<Variable Name="FlipAngle" TYPE="java.lang.Double" Value="45.0"/>
<Variable Name="Te" TYPE="java.lang.Double" Value="6.58"/>
<Variable Name="ImageOrientationPatient" TYPE="java.lang.String" Value="1\0\0\0\1\0"/>
<Variable Name="Ti" TYPE="java.lang.Double" Value="0.0"/>
<Variable Name="SeriesNumber" TYPE="java.lang.Integer" Value="8"/>
<Variable Name="Tr" TYPE="java.lang.Double" Value="580.0"/>
<Variable Name="Rows" TYPE="java.lang.Integer" Value="80"/>
<Variable Name="SequenceName" TYPE="java.lang.String" Value="*fm2d2r"/>
<Variable Name="PatientPosition" TYPE="java.lang.String" Value="HFS"/>
<Variable Name="CardiacGate" TYPE="java.lang.Boolean" Value="false"/>
<Variable Name="PeripheralPulseGate" TYPE="java.lang.Boolean" Value="false"/>
<Variable Name="PixelBandwidth" TYPE="java.lang.Double" Value="260.0"/>
<Variable Name="PartialFourierFreq" TYPE="java.lang.Boolean" Value="false"/>
<Variable Name="MrImageType" TYPE="java.lang.String" Value="M\ND\NORM"/>
<Variable Name="PercentSampling" TYPE="java.lang.Double" Value="100.0"/>
<Variable Name="Fat_sat" TYPE="java.lang.Boolean" Value="false"/>
<Variable Name="echoTrainLength" TYPE="java.lang.Integer" Value="0"/>
<Variable Name="ImagePositionPatient" TYPE="java.lang.String" Value="-123.01204824448\-132.31325340271\93.885543823242"/>
<Variable Name="is_3D_acquisition" TYPE="java.lang.Boolean" Value="false"/>
<Variable Name="IsMosaic" TYPE="java.lang.Boolean" Value="false"/>
<Variable Name="RespiratoryGate" TYPE="java.lang.Boolean" Value="false"/>
<Variable Name="PhaseEncodeReorder" TYPE="java.lang.Boolean" Value="false"/>
<Variable Name="SequenceVariant" TYPE="java.lang.String" Value="SP"/>
<Variable Name="IsMoco" TYPE="java.lang.Boolean" Value="false"/>
<Variable Name="Cols" TYPE="java.lang.Integer" Value="80"/>
<Variable Name="NumberOfAverages" TYPE="java.lang.Double" Value="1.0"/>
<Variable Name="ImagingDate" TYPE="java.util.Date" Value="2016-08-08"/>
<Variable Name="SpatialPreSaturation" TYPE="java.lang.Boolean" Value="false"/>
<Variable Name="NumberOfPhaseSteps" TYPE="java.lang.Integer" Value="80"/>
<Variable Name="PercentFOV" TYPE="java.lang.Double" Value="100.0"/>
<Variable Name="SliceThickness" TYPE="java.lang.Double" Value="3.0"/>
<Variable Name="AcquisitionMatrix" TYPE="java.lang.String" Value="80\0\0\80"/>
<Variable Name="FlowCompensation" TYPE="java.lang.Boolean" Value="false"/>
<Variable Name="PixelSpacing" TYPE="java.lang.String" Value="3\3"/>
</MR>
</ImageSequence>
<ImageSequence>
<Qlux>
<Variable Name="qluxName" TYPE="java.lang.String" Value="DTI_MultiShell_117dir"/>
<Variable Name="qluxType" TYPE="java.lang.String" Value="DTI"/>
<Variable Name="matched" TYPE="java.lang.Boolean" Value="false"/>
<Variable Name="InstanceOrder" TYPE="java.lang.String" Value="mos_repNum"/>
</Qlux>
<Geometry>
<Variable Name="nReps" TYPE="java.lang.Integer" Value="118"/>
<Variable Name="dt" TYPE="java.lang.Float" Value="3027.0"/>
<Variable Name="nVolumes" TYPE="java.lang.Integer" Value="118"/>
<Variable Name="sliceGap" TYPE="java.lang.Double" Value="0.0"/>
<Variable Name="dx" TYPE="java.lang.Float" Value="1.5"/>
<Variable Name="interSliceSpacing" TYPE="java.lang.Double" Value="1.5"/>
<Variable Name="dy" TYPE="java.lang.Float" Value="1.5"/>
<Variable Name="dz" TYPE="java.lang.Float" Value="1.5"/>
<Variable Name="nx" TYPE="java.lang.Integer" Value="140"/>
<Variable Name="ny" TYPE="java.lang.Integer" Value="140"/>
<Variable Name="nz" TYPE="java.lang.Integer" Value="92"/>
</Geometry>
<Hardware>
<Variable Name="Institute" TYPE="java.lang.String" Value="SC3T"/>
<Variable Name="MagnetManufacturer" TYPE="java.lang.String" Value="SIEMENS"/>
<Variable Name="MagnetModelName" TYPE="java.lang.String" Value="Prisma"/>
<Variable Name="TransmitterCoilName" TYPE="java.lang.String" Value="Body"/>
<Variable Name="PhysicianName" TYPE="java.lang.String" Value="SATTERTHWAITE"/>
<Variable Name="ImagedNucleus" TYPE="java.lang.String" Value="1H"/>
<Variable Name="fieldStrength" TYPE="java.lang.Double" Value="3.0"/>
<Variable Name="ImagedFrequency" TYPE="java.lang.Double" Value="123.25558"/>
</Hardware>
<MR>
<Variable Name="VariableFlipAngle" TYPE="java.lang.Boolean" Value="false"/>
<Variable Name="PartialFourierPhase" TYPE="java.lang.Boolean" Value="true"/>
<Variable Name="PhaseDirection" TYPE="java.lang.String" Value="COL"/>
<Variable Name="IsOriginal" TYPE="java.lang.Boolean" Value="true"/>
<Variable Name="SequnceProtocolName" TYPE="java.lang.String" Value="DTI_MultiShell_117dir"/>
<Variable Name="ScanningSequence" TYPE="java.lang.String" Value="EP"/>
<Variable Name="SeriesDescription" TYPE="java.lang.String" Value="DTI_MultiShell_117dir"/>
<Variable Name="FlipAngle" TYPE="java.lang.Double" Value="78.0"/>
<Variable Name="Te" TYPE="java.lang.Double" Value="82.8"/>
<Variable Name="ImageOrientationPatient" TYPE="java.lang.String" Value="1\0\0\0\1\0"/>
<Variable Name="Ti" TYPE="java.lang.Double" Value="0.0"/>
<Variable Name="SeriesNumber" TYPE="java.lang.Integer" Value="15"/>
<Variable Name="Tr" TYPE="java.lang.Double" Value="3027.0"/>
<Variable Name="Rows" TYPE="java.lang.Integer" Value="1400"/>
<Variable Name="SequenceName" TYPE="java.lang.String" Value="ep_b800#93"/>
<Variable Name="PatientPosition" TYPE="java.lang.String" Value="HFS"/>
<Variable Name="CardiacGate" TYPE="java.lang.Boolean" Value="false"/>
<Variable Name="PeripheralPulseGate" TYPE="java.lang.Boolean" Value="false"/>
<Variable Name="PixelBandwidth" TYPE="java.lang.Double" Value="1785.0"/>
<Variable Name="PartialFourierFreq" TYPE="java.lang.Boolean" Value="false"/>
<Variable Name="MrImageType" TYPE="java.lang.String" Value="DIFFUSION\NONE\MB\ND\NORM\MOSAIC"/>
<Variable Name="PercentSampling" TYPE="java.lang.Double" Value="100.0"/>
<Variable Name="ImageComments" TYPE="java.lang.String" Value="Unaliased MB4/PE3 SENSE1"/>
<Variable Name="Fat_sat" TYPE="java.lang.Boolean" Value="false"/>
<Variable Name="echoTrainLength" TYPE="java.lang.Integer" Value="105"/>
<Variable Name="ImagePositionPatient" TYPE="java.lang.String" Value="-1051.2000000477\-1058.6999998093\-34.25"/>
<Variable Name="is_3D_acquisition" TYPE="java.lang.Boolean" Value="false"/>
<Variable Name="IsMosaic" TYPE="java.lang.Boolean" Value="true"/>
<Variable Name="RespiratoryGate" TYPE="java.lang.Boolean" Value="false"/>
<Variable Name="PhaseEncodeReorder" TYPE="java.lang.Boolean" Value="false"/>
<Variable Name="SequenceVariant" TYPE="java.lang.String" Value="SK\SS"/>
<Variable Name="IsMoco" TYPE="java.lang.Boolean" Value="false"/>
<Variable Name="Cols" TYPE="java.lang.Integer" Value="1400"/>
<Variable Name="NumberOfAverages" TYPE="java.lang.Double" Value="1.0"/>
<Variable Name="ImagingDate" TYPE="java.util.Date" Value="2016-08-08"/>
<Variable Name="SpatialPreSaturation" TYPE="java.lang.Boolean" Value="false"/>
<Variable Name="NumberOfPhaseSteps" TYPE="java.lang.Integer" Value="105"/>
<Variable Name="PercentFOV" TYPE="java.lang.Double" Value="100.0"/>
<Variable Name="SliceThickness" TYPE="java.lang.Double" Value="1.5"/>
<Variable Name="AcquisitionMatrix" TYPE="java.lang.String" Value="140\0\0\140"/>
<Variable Name="FlowCompensation" TYPE="java.lang.Boolean" Value="false"/>
<Variable Name="PixelSpacing" TYPE="java.lang.String" Value="1.5\1.5"/>
</MR>
</ImageSequence>
<ImageSequence>
<Qlux>
<Variable Name="qluxName" TYPE="java.lang.String" Value="MPRAGE_TI1100_ipat2"/>
<Variable Name="qluxType" TYPE="java.lang.String" Value="STRUCTURAL_RPI"/>
<Variable Name="matched" TYPE="java.lang.Boolean" Value="false"/>
<Variable Name="InstanceOrder" TYPE="java.lang.String" Value="nznt"/>
</Qlux>
<Geometry>
<Variable Name="nReps" TYPE="java.lang.Integer" Value="1"/>
<Variable Name="dt" TYPE="java.lang.Float" Value="1810.0"/>
<Variable Name="nVolumes" TYPE="java.lang.Integer" Value="1"/>
<Variable Name="sliceGap" TYPE="java.lang.Double" Value="0.0"/>
<Variable Name="dx" TYPE="java.lang.Float" Value="0.9375"/>
<Variable Name="interSliceSpacing" TYPE="java.lang.Double" Value="0.0"/>
<Variable Name="dy" TYPE="java.lang.Float" Value="0.9375"/>
<Variable Name="dz" TYPE="java.lang.Float" Value="1.0"/>
<Variable Name="nx" TYPE="java.lang.Integer" Value="192"/>
<Variable Name="ny" TYPE="java.lang.Integer" Value="256"/>
<Variable Name="nz" TYPE="java.lang.Integer" Value="160"/>
</Geometry>
<Hardware>
<Variable Name="Institute" TYPE="java.lang.String" Value="SC3T"/>
<Variable Name="MagnetManufacturer" TYPE="java.lang.String" Value="SIEMENS"/>
<Variable Name="MagnetModelName" TYPE="java.lang.String" Value="Prisma"/>
<Variable Name="TransmitterCoilName" TYPE="java.lang.String" Value="Body"/>
<Variable Name="PhysicianName" TYPE="java.lang.String" Value="SATTERTHWAITE"/>
<Variable Name="ImagedNucleus" TYPE="java.lang.String" Value="1H"/>
<Variable Name="fieldStrength" TYPE="java.lang.Double" Value="3.0"/>
<Variable Name="ImagedFrequency" TYPE="java.lang.Double" Value="123.255574"/>
</Hardware>
<MR>
<Variable Name="VariableFlipAngle" TYPE="java.lang.Boolean" Value="false"/>
<Variable Name="PartialFourierPhase" TYPE="java.lang.Boolean" Value="false"/>
<Variable Name="PhaseDirection" TYPE="java.lang.String" Value="ROW"/>
<Variable Name="IsOriginal" TYPE="java.lang.Boolean" Value="true"/>
<Variable Name="SequnceProtocolName" TYPE="java.lang.String" Value="MPRAGE_TI1100_ipat2"/>
<Variable Name="ScanningSequence" TYPE="java.lang.String" Value="GR\IR"/>
<Variable Name="SeriesDescription" TYPE="java.lang.String" Value="MPRAGE_TI1100_ipat2"/>
<Variable Name="FlipAngle" TYPE="java.lang.Double" Value="9.0"/>
<Variable Name="Te" TYPE="java.lang.Double" Value="3.45"/>
<Variable Name="ImageOrientationPatient" TYPE="java.lang.String" Value="1\-2.05103e-010\0\2.05103e-010\1\0"/>
<Variable Name="Ti" TYPE="java.lang.Double" Value="1100.0"/>
<Variable Name="SeriesNumber" TYPE="java.lang.Integer" Value="2"/>
<Variable Name="Tr" TYPE="java.lang.Double" Value="1810.0"/>
<Variable Name="Rows" TYPE="java.lang.Integer" Value="256"/>
<Variable Name="SequenceName" TYPE="java.lang.String" Value="*tfl3d1_16"/>
<Variable Name="PatientPosition" TYPE="java.lang.String" Value="HFS"/>
<Variable Name="CardiacGate" TYPE="java.lang.Boolean" Value="false"/>
<Variable Name="PeripheralPulseGate" TYPE="java.lang.Boolean" Value="false"/>
<Variable Name="PixelBandwidth" TYPE="java.lang.Double" Value="130.0"/>
<Variable Name="PartialFourierFreq" TYPE="java.lang.Boolean" Value="false"/>
<Variable Name="MrImageType" TYPE="java.lang.String" Value="M\ND\NORM"/>
<Variable Name="PercentSampling" TYPE="java.lang.Double" Value="100.0"/>
<Variable Name="Fat_sat" TYPE="java.lang.Boolean" Value="false"/>
<Variable Name="echoTrainLength" TYPE="java.lang.Integer" Value="1"/>
<Variable Name="ImagePositionPatient" TYPE="java.lang.String" Value="-91.81014623719\-129.71019838395\90.694446563721"/>
<Variable Name="is_3D_acquisition" TYPE="java.lang.Boolean" Value="true"/>
<Variable Name="IsMosaic" TYPE="java.lang.Boolean" Value="false"/>
<Variable Name="RespiratoryGate" TYPE="java.lang.Boolean" Value="false"/>
<Variable Name="PhaseEncodeReorder" TYPE="java.lang.Boolean" Value="false"/>
<Variable Name="SequenceVariant" TYPE="java.lang.String" Value="SK\SP\MP"/>
<Variable Name="IsMoco" TYPE="java.lang.Boolean" Value="false"/>
<Variable Name="Cols" TYPE="java.lang.Integer" Value="192"/>
<Variable Name="NumberOfAverages" TYPE="java.lang.Double" Value="1.0"/>
<Variable Name="ImagingDate" TYPE="java.util.Date" Value="2016-08-08"/>
<Variable Name="SpatialPreSaturation" TYPE="java.lang.Boolean" Value="false"/>
<Variable Name="NumberOfPhaseSteps" TYPE="java.lang.Integer" Value="191"/>
<Variable Name="PercentFOV" TYPE="java.lang.Double" Value="75.0"/>
<Variable Name="SliceThickness" TYPE="java.lang.Double" Value="1.0"/>
<Variable Name="AcquisitionMatrix" TYPE="java.lang.String" Value="0\256\192\0"/>
<Variable Name="FlowCompensation" TYPE="java.lang.Boolean" Value="false"/>
<Variable Name="PixelSpacing" TYPE="java.lang.String" Value="0.9375\0.9375"/>
</MR>
</ImageSequence>
<ImageSequence>
<Qlux>
<Variable Name="qluxName" TYPE="java.lang.String" Value="DTI_MultiShell_topup_ref"/>
<Variable Name="qluxType" TYPE="java.lang.String" Value="DTI"/>
<Variable Name="matched" TYPE="java.lang.Boolean" Value="false"/>
<Variable Name="InstanceOrder" TYPE="java.lang.String" Value="nznt"/>
</Qlux>
<Geometry>
<Variable Name="nReps" TYPE="java.lang.Integer" Value="1"/>
<Variable Name="dt" TYPE="java.lang.Float" Value="3027.0"/>
<Variable Name="nVolumes" TYPE="java.lang.Integer" Value="1"/>
<Variable Name="sliceGap" TYPE="java.lang.Double" Value="0.0"/>
<Variable Name="dx" TYPE="java.lang.Float" Value="1.5"/>
<Variable Name="interSliceSpacing" TYPE="java.lang.Double" Value="1.5"/>
<Variable Name="dy" TYPE="java.lang.Float" Value="1.5"/>
<Variable Name="dz" TYPE="java.lang.Float" Value="1.5"/>
<Variable Name="nx" TYPE="java.lang.Integer" Value="140"/>
<Variable Name="ny" TYPE="java.lang.Integer" Value="140"/>
<Variable Name="nz" TYPE="java.lang.Integer" Value="92"/>
</Geometry>
<Hardware>
<Variable Name="Institute" TYPE="java.lang.String" Value="SC3T"/>
<Variable Name="MagnetManufacturer" TYPE="java.lang.String" Value="SIEMENS"/>
<Variable Name="MagnetModelName" TYPE="java.lang.String" Value="Prisma"/>
<Variable Name="TransmitterCoilName" TYPE="java.lang.String" Value="Body"/>
<Variable Name="PhysicianName" TYPE="java.lang.String" Value="SATTERTHWAITE"/>
<Variable Name="ImagedNucleus" TYPE="java.lang.String" Value="1H"/>
<Variable Name="fieldStrength" TYPE="java.lang.Double" Value="3.0"/>
<Variable Name="ImagedFrequency" TYPE="java.lang.Double" Value="123.255581"/>
</Hardware>
<MR>
<Variable Name="VariableFlipAngle" TYPE="java.lang.Boolean" Value="false"/>
<Variable Name="PartialFourierPhase" TYPE="java.lang.Boolean" Value="true"/>
<Variable Name="PhaseDirection" TYPE="java.lang.String" Value="COL"/>
<Variable Name="IsOriginal" TYPE="java.lang.Boolean" Value="true"/>
<Variable Name="SequnceProtocolName" TYPE="java.lang.String" Value="DTI_MultiShell_topup_ref"/>
<Variable Name="ScanningSequence" TYPE="java.lang.String" Value="EP"/>
<Variable Name="SeriesDescription" TYPE="java.lang.String" Value="DTI_MultiShell_topup_ref"/>
<Variable Name="FlipAngle" TYPE="java.lang.Double" Value="78.0"/>
<Variable Name="Te" TYPE="java.lang.Double" Value="82.8"/>
<Variable Name="ImageOrientationPatient" TYPE="java.lang.String" Value="1\0\0\0\1\0"/>
<Variable Name="Ti" TYPE="java.lang.Double" Value="0.0"/>
<Variable Name="SeriesNumber" TYPE="java.lang.Integer" Value="17"/>
<Variable Name="Tr" TYPE="java.lang.Double" Value="3027.0"/>
<Variable Name="Rows" TYPE="java.lang.Integer" Value="140"/>
<Variable Name="SequenceName" TYPE="java.lang.String" Value="ep_b5#1"/>
<Variable Name="PatientPosition" TYPE="java.lang.String" Value="HFS"/>
<Variable Name="CardiacGate" TYPE="java.lang.Boolean" Value="false"/>
<Variable Name="PeripheralPulseGate" TYPE="java.lang.Boolean" Value="false"/>
<Variable Name="PixelBandwidth" TYPE="java.lang.Double" Value="1785.0"/>
<Variable Name="PartialFourierFreq" TYPE="java.lang.Boolean" Value="false"/>
<Variable Name="MrImageType" TYPE="java.lang.String" Value="DIFFUSION\NONE\MB\ND\NORM"/>
<Variable Name="PercentSampling" TYPE="java.lang.Double" Value="100.0"/>
<Variable Name="ImageComments" TYPE="java.lang.String" Value="Unaliased MB4/PE3 SENSE1"/>
<Variable Name="Fat_sat" TYPE="java.lang.Boolean" Value="false"/>
<Variable Name="echoTrainLength" TYPE="java.lang.Integer" Value="105"/>
<Variable Name="ImagePositionPatient" TYPE="java.lang.String" Value="-106.20000004768\-113.69999980927\12.25"/>
<Variable Name="is_3D_acquisition" TYPE="java.lang.Boolean" Value="false"/>
<Variable Name="IsMosaic" TYPE="java.lang.Boolean" Value="false"/>
<Variable Name="RespiratoryGate" TYPE="java.lang.Boolean" Value="false"/>
<Variable Name="PhaseEncodeReorder" TYPE="java.lang.Boolean" Value="false"/>
<Variable Name="SequenceVariant" TYPE="java.lang.String" Value="SK\SS"/>
<Variable Name="IsMoco" TYPE="java.lang.Boolean" Value="false"/>
<Variable Name="Cols" TYPE="java.lang.Integer" Value="140"/>
<Variable Name="NumberOfAverages" TYPE="java.lang.Double" Value="1.0"/>
<Variable Name="ImagingDate" TYPE="java.util.Date" Value="2016-08-08"/>
<Variable Name="SpatialPreSaturation" TYPE="java.lang.Boolean" Value="false"/>
<Variable Name="NumberOfPhaseSteps" TYPE="java.lang.Integer" Value="105"/>
<Variable Name="PercentFOV" TYPE="java.lang.Double" Value="100.0"/>
<Variable Name="SliceThickness" TYPE="java.lang.Double" Value="1.5"/>
<Variable Name="AcquisitionMatrix" TYPE="java.lang.String" Value="140\0\0\140"/>
<Variable Name="FlowCompensation" TYPE="java.lang.Boolean" Value="false"/>
<Variable Name="PixelSpacing" TYPE="java.lang.String" Value="1.5\1.5"/>
</MR>
</ImageSequence>
<ImageSequence>
<Qlux>
<Variable Name="qluxName" TYPE="java.lang.String" Value="TOF_3D_multi-slab_R2"/>
<Variable Name="qluxType" TYPE="java.lang.String" Value="&amp;lt;ignore&amp;gt;"/>
<Variable Name="matched" TYPE="java.lang.Boolean" Value="false"/>
<Variable Name="InstanceOrder" TYPE="java.lang.String" Value="nznt"/>
</Qlux>
<Geometry>
<Variable Name="nReps" TYPE="java.lang.Integer" Value="1"/>
<Variable Name="dt" TYPE="java.lang.Float" Value="22.0"/>
<Variable Name="nVolumes" TYPE="java.lang.Integer" Value="1"/>
<Variable Name="sliceGap" TYPE="java.lang.Double" Value="0.0"/>
<Variable Name="dx" TYPE="java.lang.Float" Value="0.5208333"/>
<Variable Name="interSliceSpacing" TYPE="java.lang.Double" Value="34.0"/>
<Variable Name="dy" TYPE="java.lang.Float" Value="0.5208333"/>
<Variable Name="dz" TYPE="java.lang.Float" Value="34.0"/>
<Variable Name="nx" TYPE="java.lang.Integer" Value="288"/>
<Variable Name="ny" TYPE="java.lang.Integer" Value="384"/>
<Variable Name="nz" TYPE="java.lang.Integer" Value="74"/>
</Geometry>
<Hardware>
<Variable Name="Institute" TYPE="java.lang.String" Value="SC3T"/>
<Variable Name="MagnetManufacturer" TYPE="java.lang.String" Value="SIEMENS"/>
<Variable Name="MagnetModelName" TYPE="java.lang.String" Value="Prisma"/>
<Variable Name="TransmitterCoilName" TYPE="java.lang.String" Value="Body"/>
<Variable Name="PhysicianName" TYPE="java.lang.String" Value="SATTERTHWAITE"/>
<Variable Name="ImagedNucleus" TYPE="java.lang.String" Value="1H"/>
<Variable Name="fieldStrength" TYPE="java.lang.Double" Value="3.0"/>
<Variable Name="ImagedFrequency" TYPE="java.lang.Double" Value="123.255419"/>
</Hardware>
<MR>
<Variable Name="VariableFlipAngle" TYPE="java.lang.Boolean" Value="false"/>
<Variable Name="PartialFourierPhase" TYPE="java.lang.Boolean" Value="true"/>
<Variable Name="PhaseDirection" TYPE="java.lang.String" Value="ROW"/>
<Variable Name="IsOriginal" TYPE="java.lang.Boolean" Value="true"/>
<Variable Name="SequnceProtocolName" TYPE="java.lang.String" Value="TOF_3D_multi-slab_R2"/>
<Variable Name="ScanningSequence" TYPE="java.lang.String" Value="GR"/>
<Variable Name="SeriesDescription" TYPE="java.lang.String" Value="TOF_3D_multi-slab_R2"/>
<Variable Name="FlipAngle" TYPE="java.lang.Double" Value="18.0"/>
<Variable Name="Te" TYPE="java.lang.Double" Value="3.66"/>
<Variable Name="ImageOrientationPatient" TYPE="java.lang.String" Value="1\-2.05103e-010\0\2.05103e-010\1\0"/>
<Variable Name="Ti" TYPE="java.lang.Double" Value="0.0"/>
<Variable Name="SeriesNumber" TYPE="java.lang.Integer" Value="3"/>
<Variable Name="Tr" TYPE="java.lang.Double" Value="22.0"/>
<Variable Name="Rows" TYPE="java.lang.Integer" Value="384"/>
<Variable Name="SequenceName" TYPE="java.lang.String" Value="*fl3d1r_t70"/>
<Variable Name="PatientPosition" TYPE="java.lang.String" Value="HFS"/>
<Variable Name="CardiacGate" TYPE="java.lang.Boolean" Value="false"/>
<Variable Name="PeripheralPulseGate" TYPE="java.lang.Boolean" Value="false"/>
<Variable Name="PixelBandwidth" TYPE="java.lang.Double" Value="180.0"/>
<Variable Name="PartialFourierFreq" TYPE="java.lang.Boolean" Value="false"/>
<Variable Name="MrImageType" TYPE="java.lang.String" Value="M\ND\NORM"/>
<Variable Name="PercentSampling" TYPE="java.lang.Double" Value="70.0"/>
<Variable Name="Fat_sat" TYPE="java.lang.Boolean" Value="false"/>
<Variable Name="echoTrainLength" TYPE="java.lang.Integer" Value="1"/>
<Variable Name="ImagePositionPatient" TYPE="java.lang.String" Value="-74.999997159488\-119.87951467883\-49.234939575195"/>
<Variable Name="is_3D_acquisition" TYPE="java.lang.Boolean" Value="true"/>
<Variable Name="IsMosaic" TYPE="java.lang.Boolean" Value="false"/>
<Variable Name="RespiratoryGate" TYPE="java.lang.Boolean" Value="false"/>
<Variable Name="PhaseEncodeReorder" TYPE="java.lang.Boolean" Value="false"/>
<Variable Name="SequenceVariant" TYPE="java.lang.String" Value="SP\OSP"/>
<Variable Name="IsMoco" TYPE="java.lang.Boolean" Value="false"/>
<Variable Name="Cols" TYPE="java.lang.Integer" Value="288"/>
<Variable Name="NumberOfAverages" TYPE="java.lang.Double" Value="1.0"/>
<Variable Name="ImagingDate" TYPE="java.util.Date" Value="2016-08-08"/>
<Variable Name="SpatialPreSaturation" TYPE="java.lang.Boolean" Value="false"/>
<Variable Name="NumberOfPhaseSteps" TYPE="java.lang.Integer" Value="162"/>
<Variable Name="PercentFOV" TYPE="java.lang.Double" Value="75.0"/>
<Variable Name="SliceThickness" TYPE="java.lang.Double" Value="1.0"/>
<Variable Name="AcquisitionMatrix" TYPE="java.lang.String" Value="0\384\202\0"/>
<Variable Name="FlowCompensation" TYPE="java.lang.Boolean" Value="false"/>
<Variable Name="PixelSpacing" TYPE="java.lang.String" Value="0.52083331346512\0.52083331346512"/>
</MR>
</ImageSequence>
<ImageSequence>
<Qlux>
<Variable Name="qluxName" TYPE="java.lang.String" Value="ASL_3DSPIRAL_V20_GE_M0"/>
<Variable Name="qluxType" TYPE="java.lang.String" Value="PCASL_RPI"/>
<Variable Name="matched" TYPE="java.lang.Boolean" Value="false"/>
<Variable Name="InstanceOrder" TYPE="java.lang.String" Value="nznt"/>
</Qlux>
<Geometry>
<Variable Name="nReps" TYPE="java.lang.Integer" Value="2"/>
<Variable Name="dt" TYPE="java.lang.Float" Value="4000.0"/>
<Variable Name="nVolumes" TYPE="java.lang.Integer" Value="2"/>
<Variable Name="sliceGap" TYPE="java.lang.Double" Value="0.0"/>
<Variable Name="dx" TYPE="java.lang.Float" Value="3.75"/>
<Variable Name="interSliceSpacing" TYPE="java.lang.Double" Value="0.0"/>
<Variable Name="dy" TYPE="java.lang.Float" Value="3.75"/>
<Variable Name="dz" TYPE="java.lang.Float" Value="3.75"/>
<Variable Name="nx" TYPE="java.lang.Integer" Value="64"/>
<Variable Name="ny" TYPE="java.lang.Integer" Value="64"/>
<Variable Name="nz" TYPE="java.lang.Integer" Value="32"/>
</Geometry>
<Hardware>
<Variable Name="Institute" TYPE="java.lang.String" Value="SC3T"/>
<Variable Name="MagnetManufacturer" TYPE="java.lang.String" Value="SIEMENS"/>
<Variable Name="MagnetModelName" TYPE="java.lang.String" Value="Prisma"/>
<Variable Name="TransmitterCoilName" TYPE="java.lang.String" Value="Body"/>
<Variable Name="PhysicianName" TYPE="java.lang.String" Value="SATTERTHWAITE"/>
<Variable Name="ImagedNucleus" TYPE="java.lang.String" Value="1H"/>
<Variable Name="fieldStrength" TYPE="java.lang.Double" Value="3.0"/>
<Variable Name="ImagedFrequency" TYPE="java.lang.Double" Value="123.255578"/>
</Hardware>
<MR>
<Variable Name="VariableFlipAngle" TYPE="java.lang.Boolean" Value="false"/>
<Variable Name="PartialFourierPhase" TYPE="java.lang.Boolean" Value="false"/>
<Variable Name="PhaseDirection" TYPE="java.lang.String" Value="COL"/>
<Variable Name="IsOriginal" TYPE="java.lang.Boolean" Value="true"/>
<Variable Name="SequnceProtocolName" TYPE="java.lang.String" Value="ASL_3DSPIRAL_V20_GE"/>
<Variable Name="ScanningSequence" TYPE="java.lang.String" Value="RM"/>
<Variable Name="SeriesDescription" TYPE="java.lang.String" Value="ASL_3DSPIRAL_V20_GE_M0"/>
<Variable Name="FlipAngle" TYPE="java.lang.Double" Value="90.0"/>
<Variable Name="Te" TYPE="java.lang.Double" Value="10.03"/>
<Variable Name="ImageOrientationPatient" TYPE="java.lang.String" Value="1\0\0\0\1\0"/>
<Variable Name="Ti" TYPE="java.lang.Double" Value="0.0"/>
<Variable Name="SeriesNumber" TYPE="java.lang.Integer" Value="12"/>
<Variable Name="Tr" TYPE="java.lang.Double" Value="4000.0"/>
<Variable Name="Rows" TYPE="java.lang.Integer" Value="64"/>
<Variable Name="SequenceName" TYPE="java.lang.String" Value="Sp3d1"/>
<Variable Name="PatientPosition" TYPE="java.lang.String" Value="HFS"/>
<Variable Name="CardiacGate" TYPE="java.lang.Boolean" Value="false"/>
<Variable Name="PeripheralPulseGate" TYPE="java.lang.Boolean" Value="false"/>
<Variable Name="PixelBandwidth" TYPE="java.lang.Double" Value="400.0"/>
<Variable Name="PartialFourierFreq" TYPE="java.lang.Boolean" Value="false"/>
<Variable Name="MrImageType" TYPE="java.lang.String" Value="M\ND"/>
<Variable Name="PercentSampling" TYPE="java.lang.Double" Value="100.0"/>
<Variable Name="Fat_sat" TYPE="java.lang.Boolean" Value="true"/>
<Variable Name="echoTrainLength" TYPE="java.lang.Integer" Value="1"/>
<Variable Name="ImagePositionPatient" TYPE="java.lang.String" Value="-120\-141.68674659729\-8.9231910705566"/>
<Variable Name="is_3D_acquisition" TYPE="java.lang.Boolean" Value="true"/>
<Variable Name="IsMosaic" TYPE="java.lang.Boolean" Value="false"/>
<Variable Name="RespiratoryGate" TYPE="java.lang.Boolean" Value="false"/>
<Variable Name="PhaseEncodeReorder" TYPE="java.lang.Boolean" Value="false"/>
<Variable Name="SequenceVariant" TYPE="java.lang.String" Value="SS"/>
<Variable Name="IsMoco" TYPE="java.lang.Boolean" Value="false"/>
<Variable Name="Cols" TYPE="java.lang.Integer" Value="64"/>
<Variable Name="NumberOfAverages" TYPE="java.lang.Double" Value="1.0"/>
<Variable Name="ImagingDate" TYPE="java.util.Date" Value="2016-08-08"/>
<Variable Name="SpatialPreSaturation" TYPE="java.lang.Boolean" Value="false"/>
<Variable Name="NumberOfPhaseSteps" TYPE="java.lang.Integer" Value="2"/>
<Variable Name="PercentFOV" TYPE="java.lang.Double" Value="100.0"/>
<Variable Name="SliceThickness" TYPE="java.lang.Double" Value="3.75"/>
<Variable Name="AcquisitionMatrix" TYPE="java.lang.String" Value="64\0\0\64"/>
<Variable Name="FlowCompensation" TYPE="java.lang.Boolean" Value="false"/>
<Variable Name="PixelSpacing" TYPE="java.lang.String" Value="3.75\3.75"/>
</MR>
</ImageSequence>
</ExperimentProtocol>
