<?xml version="1.0" encoding="UTF-8"?>
<cat:Catalog ID="PROTOCOL" xmlns:arc="http://nrg.wustl.edu/arc" xmlns:cat="http://nrg.wustl.edu/catalog" xmlns:pipe="http://nrg.wustl.edu/pipe" xmlns:prov="http://www.nbirn.net/prov" xmlns:scr="http://nrg.wustl.edu/scr" xmlns:val="http://nrg.wustl.edu/val" xmlns:wrk="http://nrg.wustl.edu/workflow" xmlns:xdat="http://nrg.wustl.edu/security" xmlns:xnat="http://nrg.wustl.edu/xnat" xmlns:xnat_a="http://nrg.wustl.edu/xnat_assessments" xmlns:xsi="http://www.w3.org/2001/XMLSchema-instance">
<cat:metaFields>
	<cat:metaField name="AUDIT">29055:Wed Jul 12 06:31:51 EDT 2017=Added:1|36154:Thu May 10 14:37:02 EDT 2018=Added:1|36169:Thu May 10 16:24:30 EDT 2018=Removed:1</cat:metaField>
</cat:metaFields>
<cat:entries>
	<cat:entry ID="PROTOCOL/protocol_cfg.json" URI="protocol_cfg.json" createdBy="mohanara" createdEventId="29055" createdTime="2017-07-12T06:31:51.173" digest="20f03dd6161c514c4be2cab054045d82" modifiedBy="admin" modifiedEventId="36169" modifiedTime="2018-05-10T16:24:30.384" name="protocol_cfg.json"/>
	<cat:entry ID="PROTOCOL/experiment.xml" URI="experiment.xml" createdBy="admin" createdEventId="36154" createdTime="2018-05-10T14:37:02.328" digest="2f7e6cceb90147fbf53f55f46ba43aec" name="experiment.xml"/>
</cat:entries>
</cat:Catalog>