<?xml version="1.0" encoding="UTF-8"?>
<cat:Catalog ID="PROCESSING" xmlns:arc="http://nrg.wustl.edu/arc" xmlns:cat="http://nrg.wustl.edu/catalog" xmlns:pipe="http://nrg.wustl.edu/pipe" xmlns:prov="http://www.nbirn.net/prov" xmlns:scr="http://nrg.wustl.edu/scr" xmlns:val="http://nrg.wustl.edu/val" xmlns:wrk="http://nrg.wustl.edu/workflow" xmlns:xdat="http://nrg.wustl.edu/security" xmlns:xnat="http://nrg.wustl.edu/xnat" xmlns:xnat_a="http://nrg.wustl.edu/xnat_assessments" xmlns:xsi="http://www.w3.org/2001/XMLSchema-instance">
<cat:metaFields>
	<cat:metaField name="AUDIT">26171:Wed Nov 01 01:39:36 EDT 2017=Added:53</cat:metaField>
</cat:metaFields>
<cat:entries>
	<cat:entry ID="PROCESSING/GRMPY_V3-subject-097092-experiment-010279processing-1472577349632.log" URI="GRMPY_V3-subject-097092-experiment-010279processing-1472577349632.log" createdBy="mohanara" createdEventId="26171" createdTime="2017-11-01T01:39:36.279" digest="95f22083b30bc13febdb842d9c493103" name="GRMPY_V3-subject-097092-experiment-010279processing-1472577349632.log"/>
	<cat:entry ID="PROCESSING/GRMPY_V3-subject-084761-experiment-010278processing-1472651419081.log" URI="GRMPY_V3-subject-084761-experiment-010278processing-1472651419081.log" createdBy="mohanara" createdEventId="26171" createdTime="2017-11-01T01:39:36.279" digest="5b6f8eadb9659799e447501625c01a6e" name="GRMPY_V3-subject-084761-experiment-010278processing-1472651419081.log"/>
	<cat:entry ID="PROCESSING/GRMPY_V3-subject-106880-experiment-010302processing-1472659457519.log" URI="GRMPY_V3-subject-106880-experiment-010302processing-1472659457519.log" createdBy="mohanara" createdEventId="26171" createdTime="2017-11-01T01:39:36.279" digest="dc0c29a792db565aeb736ff270a9bd57" name="GRMPY_V3-subject-106880-experiment-010302processing-1472659457519.log"/>
	<cat:entry ID="PROCESSING/GRMPY_V3-subject-114709-experiment-010275processing-1472668150999.log" URI="GRMPY_V3-subject-114709-experiment-010275processing-1472668150999.log" createdBy="mohanara" createdEventId="26171" createdTime="2017-11-01T01:39:36.279" digest="8ee9082885116e1c0d71c1964c44e864" name="GRMPY_V3-subject-114709-experiment-010275processing-1472668150999.log"/>
	<cat:entry ID="PROCESSING/GRMPY_V3-subject-084354-experiment-010315processing-1472674587780.log" URI="GRMPY_V3-subject-084354-experiment-010315processing-1472674587780.log" createdBy="mohanara" createdEventId="26171" createdTime="2017-11-01T01:39:36.279" digest="a27f6d557c0a636dc8122917b0295b63" name="GRMPY_V3-subject-084354-experiment-010315processing-1472674587780.log"/>
	<cat:entry ID="PROCESSING/GRMPY_V3-subject-099949-experiment-010326processing-1473714760829.log" URI="GRMPY_V3-subject-099949-experiment-010326processing-1473714760829.log" createdBy="mohanara" createdEventId="26171" createdTime="2017-11-01T01:39:36.279" digest="3fb1dd603fce143f18b42672dd9be65e" name="GRMPY_V3-subject-099949-experiment-010326processing-1473714760829.log"/>
	<cat:entry ID="PROCESSING/GRMPY_V3-subject-087563-experiment-010329processing-1473717168419.log" URI="GRMPY_V3-subject-087563-experiment-010329processing-1473717168419.log" createdBy="mohanara" createdEventId="26171" createdTime="2017-11-01T01:39:36.279" digest="58f60a6937bd176067fe948b275ad701" name="GRMPY_V3-subject-087563-experiment-010329processing-1473717168419.log"/>
	<cat:entry ID="PROCESSING/GRMPY_V3-subject-093856-experiment-010352processing-1474910608100.log" URI="GRMPY_V3-subject-093856-experiment-010352processing-1474910608100.log" createdBy="mohanara" createdEventId="26171" createdTime="2017-11-01T01:39:36.279" digest="f8b6d188e51cee25cf0c1a9eb483480f" name="GRMPY_V3-subject-093856-experiment-010352processing-1474910608100.log"/>
	<cat:entry ID="PROCESSING/GRMPY_V3-subject-106071-experiment-010333processing-1474913242004.log" URI="GRMPY_V3-subject-106071-experiment-010333processing-1474913242004.log" createdBy="mohanara" createdEventId="26171" createdTime="2017-11-01T01:39:36.279" digest="d6fb95db14d55551cf7c68f6a970ba80" name="GRMPY_V3-subject-106071-experiment-010333processing-1474913242004.log"/>
	<cat:entry ID="PROCESSING/GRMPY_V3-subject-081725-experiment-010356processing-1476370642412.log" URI="GRMPY_V3-subject-081725-experiment-010356processing-1476370642412.log" createdBy="mohanara" createdEventId="26171" createdTime="2017-11-01T01:39:36.279" digest="521427fc82512b5d303ca401964c5a27" name="GRMPY_V3-subject-081725-experiment-010356processing-1476370642412.log"/>
	<cat:entry ID="PROCESSING/GRMPY_V3-subject-085369-experiment-010361processing-1476375671631.log" URI="GRMPY_V3-subject-085369-experiment-010361processing-1476375671631.log" createdBy="mohanara" createdEventId="26171" createdTime="2017-11-01T01:39:36.279" digest="a9df73211de09c63fa63b5ded8d3399d" name="GRMPY_V3-subject-085369-experiment-010361processing-1476375671631.log"/>
	<cat:entry ID="PROCESSING/GRMPY_V3-subject-096659-experiment-010362processing-1476376836918.log" URI="GRMPY_V3-subject-096659-experiment-010362processing-1476376836918.log" createdBy="mohanara" createdEventId="26171" createdTime="2017-11-01T01:39:36.279" digest="23056c7323e76eb618b3f2001fc9ffef" name="GRMPY_V3-subject-096659-experiment-010362processing-1476376836918.log"/>
	<cat:entry ID="PROCESSING/GRMPY_V3-subject-097271-experiment-010366processing-1477323528801.log" URI="GRMPY_V3-subject-097271-experiment-010366processing-1477323528801.log" createdBy="mohanara" createdEventId="26171" createdTime="2017-11-01T01:39:36.279" digest="9de082825fbcf2522dfa14da5f2a8c07" name="GRMPY_V3-subject-097271-experiment-010366processing-1477323528801.log"/>
	<cat:entry ID="PROCESSING/GRMPY_V3-subject-106071-experiment-010333processing-1477669952650.log" URI="GRMPY_V3-subject-106071-experiment-010333processing-1477669952650.log" createdBy="mohanara" createdEventId="26171" createdTime="2017-11-01T01:39:36.279" digest="aaa22472c268b2644c68d13dfbf575c0" name="GRMPY_V3-subject-106071-experiment-010333processing-1477669952650.log"/>
	<cat:entry ID="PROCESSING/GRMPY_V3-subject-106071-experiment-010333processing-1477672334173.log" URI="GRMPY_V3-subject-106071-experiment-010333processing-1477672334173.log" createdBy="mohanara" createdEventId="26171" createdTime="2017-11-01T01:39:36.279" digest="861fcdd9feba521c02de197682ca7bf4" name="GRMPY_V3-subject-106071-experiment-010333processing-1477672334173.log"/>
	<cat:entry ID="PROCESSING/GRMPY_V3-subject-106071-experiment-010333processing-1478021066466.log" URI="GRMPY_V3-subject-106071-experiment-010333processing-1478021066466.log" createdBy="mohanara" createdEventId="26171" createdTime="2017-11-01T01:39:36.279" digest="f60251b8e7a31d40e4fa5bb8ae618fd1" name="GRMPY_V3-subject-106071-experiment-010333processing-1478021066466.log"/>
	<cat:entry ID="PROCESSING/GRMPY_V3-subject-088770-experiment-010376processing-1478022580866.log" URI="GRMPY_V3-subject-088770-experiment-010376processing-1478022580866.log" createdBy="mohanara" createdEventId="26171" createdTime="2017-11-01T01:39:36.279" digest="599cc49993b450284673970bcc084976" name="GRMPY_V3-subject-088770-experiment-010376processing-1478022580866.log"/>
	<cat:entry ID="PROCESSING/GRMPY_V3-subject-095015-experiment-010380processing-1478621720298.log" URI="GRMPY_V3-subject-095015-experiment-010380processing-1478621720298.log" createdBy="mohanara" createdEventId="26171" createdTime="2017-11-01T01:39:36.279" digest="8afaf7b28e4ed070fea05c8e2323d4b1" name="GRMPY_V3-subject-095015-experiment-010380processing-1478621720298.log"/>
	<cat:entry ID="PROCESSING/GRMPY_V3-subject-130687-experiment-010385processing-1479157021997.log" URI="GRMPY_V3-subject-130687-experiment-010385processing-1479157021997.log" createdBy="mohanara" createdEventId="26171" createdTime="2017-11-01T01:39:36.279" digest="9c8063c626b20386d479ad6cc441ccea" name="GRMPY_V3-subject-130687-experiment-010385processing-1479157021997.log"/>
	<cat:entry ID="PROCESSING/GRMPY_V3-subject-097485-experiment-010402processing-1481746973315.log" URI="GRMPY_V3-subject-097485-experiment-010402processing-1481746973315.log" createdBy="mohanara" createdEventId="26171" createdTime="2017-11-01T01:39:36.279" digest="045e6b0c8359796a9aa67c7a185f8f17" name="GRMPY_V3-subject-097485-experiment-010402processing-1481746973315.log"/>
	<cat:entry ID="PROCESSING/GRMPY_V3-subject-092927-experiment-010417processing-1481752590063.log" URI="GRMPY_V3-subject-092927-experiment-010417processing-1481752590063.log" createdBy="mohanara" createdEventId="26171" createdTime="2017-11-01T01:39:36.279" digest="847ed76c36646ad76ed121b4f7bef9d2" name="GRMPY_V3-subject-092927-experiment-010417processing-1481752590063.log"/>
	<cat:entry ID="PROCESSING/GRMPY_V3-subject-131224-experiment-010434processing-1482508118194.log" URI="GRMPY_V3-subject-131224-experiment-010434processing-1482508118194.log" createdBy="mohanara" createdEventId="26171" createdTime="2017-11-01T01:39:36.279" digest="cc91d76efe0cb01cded24a5b117212cb" name="GRMPY_V3-subject-131224-experiment-010434processing-1482508118194.log"/>
	<cat:entry ID="PROCESSING/GRMPY_V3-subject-092211-experiment-010435processing-1483545563315.log" URI="GRMPY_V3-subject-092211-experiment-010435processing-1483545563315.log" createdBy="mohanara" createdEventId="26171" createdTime="2017-11-01T01:39:36.279" digest="fc4ae139c170b611c507ad1242293615" name="GRMPY_V3-subject-092211-experiment-010435processing-1483545563315.log"/>
	<cat:entry ID="PROCESSING/GRMPY_V3-subject-127611-experiment-010445processing-1483974665495.log" URI="GRMPY_V3-subject-127611-experiment-010445processing-1483974665495.log" createdBy="mohanara" createdEventId="26171" createdTime="2017-11-01T01:39:36.279" digest="5b27021c42bb006e6fd9b29312cff44a" name="GRMPY_V3-subject-127611-experiment-010445processing-1483974665495.log"/>
	<cat:entry ID="PROCESSING/GRMPY_V3-subject-084688-experiment-010471processing-1485884889180.log" URI="GRMPY_V3-subject-084688-experiment-010471processing-1485884889180.log" createdBy="mohanara" createdEventId="26171" createdTime="2017-11-01T01:39:36.279" digest="f701054bff5c9e13c842b7327d0d8d6f" name="GRMPY_V3-subject-084688-experiment-010471processing-1485884889180.log"/>
	<cat:entry ID="PROCESSING/GRMPY_V3-subject-121001-experiment-010494processing-1490821326707.log" URI="GRMPY_V3-subject-121001-experiment-010494processing-1490821326707.log" createdBy="mohanara" createdEventId="26171" createdTime="2017-11-01T01:39:36.279" digest="9383f324f8e83ed5e002c336be534333" name="GRMPY_V3-subject-121001-experiment-010494processing-1490821326707.log"/>
	<cat:entry ID="PROCESSING/GRMPY_V3-subject-093549-experiment-010474processing-1490885093866.log" URI="GRMPY_V3-subject-093549-experiment-010474processing-1490885093866.log" createdBy="mohanara" createdEventId="26171" createdTime="2017-11-01T01:39:36.279" digest="558d838311eb6d3194662e99cf0a875b" name="GRMPY_V3-subject-093549-experiment-010474processing-1490885093866.log"/>
	<cat:entry ID="PROCESSING/GRMPY_V3-subject-122522-experiment-010540processing-1492108949153.log" URI="GRMPY_V3-subject-122522-experiment-010540processing-1492108949153.log" createdBy="mohanara" createdEventId="26171" createdTime="2017-11-01T01:39:36.279" digest="95ea494edf98c1db88c3960299e75176" name="GRMPY_V3-subject-122522-experiment-010540processing-1492108949153.log"/>
	<cat:entry ID="PROCESSING/GRMPY_V3-subject-087646-experiment-010496processing-1492717578212.log" URI="GRMPY_V3-subject-087646-experiment-010496processing-1492717578212.log" createdBy="mohanara" createdEventId="26171" createdTime="2017-11-01T01:39:36.279" digest="f322dd93a9871ed494bd95415c9d34a0" name="GRMPY_V3-subject-087646-experiment-010496processing-1492717578212.log"/>
	<cat:entry ID="PROCESSING/GRMPY_V3-subject-098567-experiment-010554processing-1492720209244.log" URI="GRMPY_V3-subject-098567-experiment-010554processing-1492720209244.log" createdBy="mohanara" createdEventId="26171" createdTime="2017-11-01T01:39:36.279" digest="cb2fda035ca3d94deaa4aa732f16d256" name="GRMPY_V3-subject-098567-experiment-010554processing-1492720209244.log"/>
	<cat:entry ID="PROCESSING/GRMPY_V3-subject-125511-experiment-010565processing-1494014831727.log" URI="GRMPY_V3-subject-125511-experiment-010565processing-1494014831727.log" createdBy="mohanara" createdEventId="26171" createdTime="2017-11-01T01:39:36.279" digest="951275a10446de2174c1e0a2f8a974c8" name="GRMPY_V3-subject-125511-experiment-010565processing-1494014831727.log"/>
	<cat:entry ID="PROCESSING/GRMPY_V3-subject-091962-experiment-010569processing-1494253566552.log" URI="GRMPY_V3-subject-091962-experiment-010569processing-1494253566552.log" createdBy="mohanara" createdEventId="26171" createdTime="2017-11-01T01:39:36.279" digest="6d63f9e1cc8c775eb11d472946cee8be" name="GRMPY_V3-subject-091962-experiment-010569processing-1494253566552.log"/>
	<cat:entry ID="PROCESSING/GRMPY_V3-subject-105176-experiment-010571processing-1494531287932.log" URI="GRMPY_V3-subject-105176-experiment-010571processing-1494531287932.log" createdBy="mohanara" createdEventId="26171" createdTime="2017-11-01T01:39:36.279" digest="27f15fd1ddb603772630adb8343c823f" name="GRMPY_V3-subject-105176-experiment-010571processing-1494531287932.log"/>
	<cat:entry ID="PROCESSING/GRMPY_V3-subject-128154-experiment-010572processing-1495463127626.log" URI="GRMPY_V3-subject-128154-experiment-010572processing-1495463127626.log" createdBy="mohanara" createdEventId="26171" createdTime="2017-11-01T01:39:36.279" digest="6a7bad477d8c8a1b32bab84414373e05" name="GRMPY_V3-subject-128154-experiment-010572processing-1495463127626.log"/>
	<cat:entry ID="PROCESSING/GRMPY_V3-subject-127008-experiment-010573processing-1495465322035.log" URI="GRMPY_V3-subject-127008-experiment-010573processing-1495465322035.log" createdBy="mohanara" createdEventId="26171" createdTime="2017-11-01T01:39:36.279" digest="5ba0ae3bd101dabb0f53607cfc49c96f" name="GRMPY_V3-subject-127008-experiment-010573processing-1495465322035.log"/>
	<cat:entry ID="PROCESSING/GRMPY_V3-subject-127417-experiment-010576processing-1495638572573.log" URI="GRMPY_V3-subject-127417-experiment-010576processing-1495638572573.log" createdBy="mohanara" createdEventId="26171" createdTime="2017-11-01T01:39:36.279" digest="b9d184f6923afc19f04867cd9bbcfe67" name="GRMPY_V3-subject-127417-experiment-010576processing-1495638572573.log"/>
	<cat:entry ID="PROCESSING/GRMPY_V3-subject-085083-experiment-010577processing-1495817058894.log" URI="GRMPY_V3-subject-085083-experiment-010577processing-1495817058894.log" createdBy="mohanara" createdEventId="26171" createdTime="2017-11-01T01:39:36.279" digest="25b2f0ad908dbd3376fc5259444a2f8c" name="GRMPY_V3-subject-085083-experiment-010577processing-1495817058894.log"/>
	<cat:entry ID="PROCESSING/GRMPY_V3-subject-085083-experiment-010577processing-1495827140886.log" URI="GRMPY_V3-subject-085083-experiment-010577processing-1495827140886.log" createdBy="mohanara" createdEventId="26171" createdTime="2017-11-01T01:39:36.279" digest="6ee04f79212889c9a3b403f70f2b1edc" name="GRMPY_V3-subject-085083-experiment-010577processing-1495827140886.log"/>
	<cat:entry ID="PROCESSING/GRMPY_V3-subject-085083-experiment-010577processing-1496159657843.log" URI="GRMPY_V3-subject-085083-experiment-010577processing-1496159657843.log" createdBy="mohanara" createdEventId="26171" createdTime="2017-11-01T01:39:36.279" digest="40d6b263b1ba3bfa2e70a80a1fe8c61a" name="GRMPY_V3-subject-085083-experiment-010577processing-1496159657843.log"/>
	<cat:entry ID="PROCESSING/GRMPY_V3-subject-085083-experiment-010577processing-1496161268407.log" URI="GRMPY_V3-subject-085083-experiment-010577processing-1496161268407.log" createdBy="mohanara" createdEventId="26171" createdTime="2017-11-01T01:39:36.279" digest="b9fcddd34b00dbfe30c0f641f09bc74a" name="GRMPY_V3-subject-085083-experiment-010577processing-1496161268407.log"/>
	<cat:entry ID="PROCESSING/GRMPY_V3-subject-126554-experiment-010580processing-1497025204050.log" URI="GRMPY_V3-subject-126554-experiment-010580processing-1497025204050.log" createdBy="mohanara" createdEventId="26171" createdTime="2017-11-01T01:39:36.279" digest="e2dad91117f720ef5c68b55b27f0a277" name="GRMPY_V3-subject-126554-experiment-010580processing-1497025204050.log"/>
	<cat:entry ID="PROCESSING/GRMPY_V3-subject-117397-experiment-010582processing-1497276726692.log" URI="GRMPY_V3-subject-117397-experiment-010582processing-1497276726692.log" createdBy="mohanara" createdEventId="26171" createdTime="2017-11-01T01:39:36.279" digest="d1eb6611c4311fb02ab7d176f9fe89ea" name="GRMPY_V3-subject-117397-experiment-010582processing-1497276726692.log"/>
	<cat:entry ID="PROCESSING/GRMPY_V3-subject-097994-experiment-010584processing-1498058774392.log" URI="GRMPY_V3-subject-097994-experiment-010584processing-1498058774392.log" createdBy="mohanara" createdEventId="26171" createdTime="2017-11-01T01:39:36.279" digest="0a375795a4451ed3f0deb7d29b5a3bb5" name="GRMPY_V3-subject-097994-experiment-010584processing-1498058774392.log"/>
	<cat:entry ID="PROCESSING/GRMPY_V3-subject-104235-experiment-010585processing-1498508909082.log" URI="GRMPY_V3-subject-104235-experiment-010585processing-1498508909082.log" createdBy="mohanara" createdEventId="26171" createdTime="2017-11-01T01:39:36.279" digest="6095aff2c1cf74a6854aafecf3f0d5a8" name="GRMPY_V3-subject-104235-experiment-010585processing-1498508909082.log"/>
	<cat:entry ID="PROCESSING/GRMPY_V3-subject-095460-experiment-010586processing-1498837186791.log" URI="GRMPY_V3-subject-095460-experiment-010586processing-1498837186791.log" createdBy="mohanara" createdEventId="26171" createdTime="2017-11-01T01:39:36.279" digest="2eaf64861bade886d880a0a40d5bfb03" name="GRMPY_V3-subject-095460-experiment-010586processing-1498837186791.log"/>
	<cat:entry ID="PROCESSING/GRMPY_V3-subject-106331-experiment-010587processing-1499696827617.log" URI="GRMPY_V3-subject-106331-experiment-010587processing-1499696827617.log" createdBy="mohanara" createdEventId="26171" createdTime="2017-11-01T01:39:36.279" digest="7ecafe63df1a0199f9f54c5c42955a74" name="GRMPY_V3-subject-106331-experiment-010587processing-1499696827617.log"/>
	<cat:entry ID="PROCESSING/GRMPY_V3-subject-106246-experiment-010593processing-1503087947971.log" URI="GRMPY_V3-subject-106246-experiment-010593processing-1503087947971.log" createdBy="mohanara" createdEventId="26171" createdTime="2017-11-01T01:39:36.279" digest="ac52f3b61f622d2060432324f073dcec" name="GRMPY_V3-subject-106246-experiment-010593processing-1503087947971.log"/>
	<cat:entry ID="PROCESSING/GRMPY_V3-subject-112249-experiment-010594processing-1503089798872.log" URI="GRMPY_V3-subject-112249-experiment-010594processing-1503089798872.log" createdBy="mohanara" createdEventId="26171" createdTime="2017-11-01T01:39:36.279" digest="97180aabb40c9231db7baa899a1af882" name="GRMPY_V3-subject-112249-experiment-010594processing-1503089798872.log"/>
	<cat:entry ID="PROCESSING/GRMPY_V3-subject-087601-experiment-010595processing-1503327461656.log" URI="GRMPY_V3-subject-087601-experiment-010595processing-1503327461656.log" createdBy="mohanara" createdEventId="26171" createdTime="2017-11-01T01:39:36.279" digest="7d98c8161b394752c9e1a602b5542e76" name="GRMPY_V3-subject-087601-experiment-010595processing-1503327461656.log"/>
	<cat:entry ID="PROCESSING/GRMPY_V3-subject-087346-experiment-010597processing-1503673385799.log" URI="GRMPY_V3-subject-087346-experiment-010597processing-1503673385799.log" createdBy="mohanara" createdEventId="26171" createdTime="2017-11-01T01:39:36.279" digest="e8ac6a22686c1e90a1ae0078a9e3f5fe" name="GRMPY_V3-subject-087346-experiment-010597processing-1503673385799.log"/>
	<cat:entry ID="PROCESSING/GRMPY_V3-subject-109646-experiment-010608processing-1506016952248.log" URI="GRMPY_V3-subject-109646-experiment-010608processing-1506016952248.log" createdBy="mohanara" createdEventId="26171" createdTime="2017-11-01T01:39:36.279" digest="f306164e104e1c79ddbf0aca885c99bc" name="GRMPY_V3-subject-109646-experiment-010608processing-1506016952248.log"/>
	<cat:entry ID="PROCESSING/GRMPY_V3-subject-102041-experiment-010603processing-1506020219374.log" URI="GRMPY_V3-subject-102041-experiment-010603processing-1506020219374.log" createdBy="mohanara" createdEventId="26171" createdTime="2017-11-01T01:39:36.279" digest="54f7fb028487cf0c051e1774f275f15f" name="GRMPY_V3-subject-102041-experiment-010603processing-1506020219374.log"/>
	<cat:entry ID="PROCESSING/GRMPY_V3-subject-129720-experiment-010607processing-1506023819492.log" URI="GRMPY_V3-subject-129720-experiment-010607processing-1506023819492.log" createdBy="mohanara" createdEventId="26171" createdTime="2017-11-01T01:39:36.279" digest="3ef19d234e2de1038763e5ef3af22adc" name="GRMPY_V3-subject-129720-experiment-010607processing-1506023819492.log"/>
</cat:entries>
</cat:Catalog>