<?xml version="1.0" encoding="UTF-8"?>
<cat:Catalog ID="PROTOCOL" xmlns:arc="http://nrg.wustl.edu/arc" xmlns:cat="http://nrg.wustl.edu/catalog" xmlns:pipe="http://nrg.wustl.edu/pipe" xmlns:prov="http://www.nbirn.net/prov" xmlns:scr="http://nrg.wustl.edu/scr" xmlns:val="http://nrg.wustl.edu/val" xmlns:wrk="http://nrg.wustl.edu/workflow" xmlns:xdat="http://nrg.wustl.edu/security" xmlns:xnat="http://nrg.wustl.edu/xnat" xmlns:xnat_a="http://nrg.wustl.edu/xnat_assessments" xmlns:xsi="http://www.w3.org/2001/XMLSchema-instance">
<cat:metaFields>
	<cat:metaField name="AUDIT">29055:Wed Jul 12 06:31:51 EDT 2017=Added:1|26438:Mon Jun 19 11:58:11 EDT 2017=Added:1</cat:metaField>
</cat:metaFields>
<cat:entries>
	<cat:entry ID="PROTOCOL/experiment.xml" URI="experiment.xml" createdBy="chadtj" createdEventId="26438" createdTime="2017-06-19T11:58:11.632" digest="8707402b4025910a64b3e53140f5443a" name="experiment.xml"/>
	<cat:entry URI="protocol_cfg.json" createdBy="mohanara" createdEventId="29055" createdTime="2017-07-12T06:31:51.173" digest="20f03dd6161c514c4be2cab054045d82" name="protocol_cfg.json"/>
</cat:entries>
</cat:Catalog>